left context,original word,right context,word correction,hun correction
at,foren@derstandard,an,foren@derstandard,Referendarsforen
http,at,foren@derstandard,at,AT
at/2929103/Frequently-Asked-Questions-zum-Forum,//derstandard,http,der Standard,Rassestandard
id=2929103&_artikelIndex=15,at/2929103/Frequently-Asked-Questions-zum-Forum,//derstandard,atz,ultrahochfrequent-Asked-Questions-zum-Forum
warum,ps,id=2929103&_artikelIndex=15,PS,PS
haben,garnichts,von,Garnichts,gar nichts
sich,Hikmet,ob,Hikmet,Metaethik
und,Salafisten,mit,Satanisten,Salafisten
bei,Community,Liebe,Community,Kommunität
angezeigt,follower,11,follower,Flowerpower
da,Gibts,sehen,Gibst,Gifts
-,posten,Rubrik,posten,Posten
expertis,soviele,da,soviel,soviel
hier,expertis,soviele,Expertise,Expertise
möchte,posten,hier,posten,Posten
loswerden,herzenswunsch,meinen,Herzenswunsch,Herzenswunsch
Weltris,teris-nachfolger,den,Ternis,terig-nachfolger
gespielt,Weltris,teris-nachfolger,Weltrats,Weltriss
braucht,gegner/verlierer/gewinner,faden,Gegner,Gewinnerzielungsgründen
gefragt,reaktionsfähigeit,und,Reaktionsfähigkeit,reaktionsfähig
durchsucht,netzt,im,netzt,nett
würde,erfolg,ohne,Erfolg,Erfolg
oder,link,einen,link,Link
mein,mac,zum,mac,Mac
hatte,e-mac,mein,e-mac,e-Mac
II,nadeldrucker,schweren,Nadeldrucker,Nadeldrucker
schlappe,paradise,von,paradise,Paradies
gekostet,deutschmark,9000,deutschmark,Deutschmark
gegangen,hopps,mal,Hopps,Mopps
ich,hab',jetzt,hab',hab
-,gehäuse,das,Gehäuse,Gehäuse
es,hab',-,hab',hab
kommt,derStandi-Regi,mit,derStandi-Regi,Widerstand-Regi
oder,dieStandi,in,dastand,Stadien
auch,funktioniert's,mir,funktioniertes,Funktionierens
noch,IE,mit,IE,SIE
-,firefox,mit,Firefox,Firefox
an,Meldeadresse/-stelle,eine,Meldeadresse/-stelle,Meldeadresse-stelle
mehrfach,Multiuser,einen,Multiuser,Multimeter
auffallend,Threads,in,Threads,Headset
ebenfalls,account,mein,account,Account
Ihr,derstandard,im,der Standard,Aderstandard
ersetzt,UID,eine,UID,UND
die,unlöschbar,wirklich,unlösbar,auslöschbar
einer,ersteinmal,mir,erst einmal,erst einmal
viel,angranteln,-,angrinsten,an granteln
-,dragomira,gell,Dragomir,Mandragora
auf,verantwortung,die,Verantwortung,Verantwortung
abwälzen,poster,die,poster,Poster
meine,klarnamen,meinen,klarkamen,Klarnamen
meine,adresse,meine,Adresse,Adresse
kriegt,geburtsdaten,meine,Geburtsdaten,Geburtsdaten
politisch,zukunft,in,Zukunft,Zukunft
fascho-mainstream,ökologistischen,antihumanen,ökologistischen,ökologischen
angepasst,fascho-mainstream,ökologistischen,fasch,ASchO-mainstream
ewig,postings,deine,postings,Postillion
um,speicher,ewig,Speicher,speicher
auf,user,einem,user,User
ich,seiten,beide,seiten,seiden
-,absicht,ist,Absicht,Absicht
at-webmaster,derstandard,-,der Standard,Aderstandard
hat,at-webmaster,derstandard,at-webmaster,AT-webmaster
es,daß,geschrieben,dass,dass
at/2000004506993/Frequently-Asked-Questions-zur-Community,//derstandard,http,der Standard,Rassestandard
_articlePage=11,at/2000004506993/Frequently-Asked-Questions-zur-Community,//derstandard,atz,at/2000004506993/Frequently-Asked-Questions-zur-Community
-,cmb,_articlePage=11,Combo,cm
de/themen/mps/,regenbogenwald,//www,Regenbogen Wald,Regenbogenwald
-,de/themen/mps/,regenbogenwald,Themen,Mythenthemen
zu,online-standard,auf,online-standard,online -standard
voll,schwarz-werbung,unerträgliche,schwarz-werbung,schwarz -werbung
nervt,wegzuklicken,wieder,wegzublicken,wegzuklicken
überdenken,zukunft,in,Zukunft,Zukunft
einrichten,funktion,eine,Funktion,Funktion
wegklicken,1x,das,1x,ex
fixiert,tag,den,tag,Tag
ändern,posternamen,meinen,Poster Namen,-osternamen
in,antwort,um,Antwort,Antwort
und,worten,in,worten,worden
mit,link,den,link,Link
-,forenregeln,den,Foren regeln,Forenregeln
nach,Löschungsersuchen,Ein,Löschungsersuchen,Böschungsersuchen
später,DSG,dem,DSG,DSCHG
personalisierte,firma,neue,firma,Firma
verwendet,mail-adressen,personalisierte,mail-adressen,-mailadressen
nicht,Posts,manche,Posts,Post
-,sni,online,sie,ins
Reizinger,Liebe/r,-,Liebe/r,Lieber
es,Reizinger,Liebe/r,Reisinger,Reizniger
zu,Postingnamen,den,Posteingängen,Postsingnamen
at/2000004506993/Frequently-Asked-Questions-zur-Community,//derstandard,http,der Standard,Rassestandard
_articlePage=11,at/2000004506993/Frequently-Asked-Questions-zur-Community,//derstandard,atz,at/2000004506993/Frequently-Asked-Questions-zur-Community
-,kub,_articlePage=11,Kuba,buk
darf,Wirklich,-,bei,Wirklich
man,darf,Wirklich,mir,darf
das,man,darf,ist,man
jetzt,das,man,alles,das
wieder,jetzt,das,lesbar,jetzt
http,wieder,jetzt,Aber,wieder
//derstandard,http,wieder,auch,http
at/permalink/p/40862329,//derstandard,http,hier,Rassestandard
-,at/permalink/p/40862329,//derstandard,wie,at/permalink/p/40862329
~,~,~,immer,~
~,~,~,99%,~
~,~,~,Fehler,~
~,~,~,sitzen,~
~,~,~,vor,~
~,~,~,dem,~
~,~,~,Rechner,~
~,~,~,-,~
es,wird,-,per,wird
nicht,es,wird,RSS,es
langsam,nicht,es,Feed,nicht
Zeit,langsam,nicht,~,langsam
Toleranz,Zeit,langsam,~,Zeit
zu,Toleranz,Zeit,~,Toleranz
üben,zu,Toleranz,~,zu
und,üben,zu,~,üben
mich,und,üben,~,und
wieder,mich,und,~,mich
freizuschalten,wieder,mich,~,wieder
Soo,freizuschalten,wieder,~,freizuschalten
schlimm,Soo,freizuschalten,~,Solo
waren,schlimm,Soo,~,schlimm
meine,waren,schlimm,~,waren
Äußerungen,meine,waren,~,meine
auch,Äußerungen,meine,~,Äußerungen
nicht,auch,Äußerungen,~,auch
es,nicht,auch,~,nicht
ärgerte,es,nicht,~,es
mich,ärgerte,es,~,ärgerte
wie,mich,ärgerte,~,mich
viele,wie,mich,~,wie
andere,viele,wie,~,viele
auch,andere,viele,~,andere
vor,auch,andere,~,auch
allem,vor,auch,~,vor
die,allem,vor,~,allem
Schlagseite,die,allem,~,die
welche,Schlagseite,die,~,Schlagseite
von,welche,Schlagseite,~,welche
Euch,von,welche,~,von
eh,Euch,von,~,Euch
gelöscht,eh,Euch,~,eh
wurde,gelöscht,eh,~,gelöscht
-,wurde,gelöscht,~,wurde
Ich,-,wurde,~,-
war,Ich,-,~,Ich
jahrelanges,war,Ich,~,war
Mitglied,jahrelanges,war,~,jahrelanges
der,Mitglied,jahrelanges,~,Mitglied
Community,der,Mitglied,~,der
und,Community,der,~,Kommunität
würde,und,Community,~,und
dies,würde,und,~,würde
gerne,dies,würde,~,dies
unter,gerne,dies,~,gerne
meinem,unter,gerne,~,unter
jahrelangen,meinem,unter,~,meinem
Usernamen,jahrelangen,meinem,~,jahrelangen
weiterhin,Usernamen,jahrelangen,~,Usern amen
sein,weiterhin,Usernamen,~,weiterhin
Ein,sein,weiterhin,~,sein
neuer,Ein,sein,~,Ein
Username,neuer,Ein,~,neuer
macht,Username,neuer,~,Ufername
-,macht,Username,~,macht
auch,-,macht,~,-
wenn,auch,-,~,auch
möglich,wenn,auch,~,wenn
-,möglich,wenn,~,möglich
nicht,-,möglich,~,-
so,nicht,-,~,nicht
viel,so,nicht,~,so
Spaß,viel,so,~,viel
und,Spaß,viel,~,Spaß
es,und,Spaß,~,und
würde,es,und,~,es
mir,würde,es,~,würde
auch,mir,würde,~,mir
die,auch,mir,~,auch
Historie,die,auch,~,die
abgehen,Historie,die,~,Historie
Danke,abgehen,Historie,~,abgehen
und,Danke,abgehen,~,Danke
liebe,und,Danke,~,und
Grüße,liebe,und,~,liebe
-,Grüße,liebe,~,Grüße
habe,Ich,-,Bitte,Ich
ein,habe,Ich,wieso,habe
Problem,ein,habe,gibt,ein
ich,Problem,ein,es,Problem
bin,ich,Problem,keinen,ich
registriert,bin,ich,Kulturnewsletter,bin
über,registriert,bin,Interessiert,registriert
meinen,über,registriert,das,über
PC,meinen,über,sonst,meinen
alles,PC,meinen,niemanden,PC
bestens,alles,PC,~,alles
Nun,bestens,alles,~,bestens
habe,Nun,bestens,~,Nun
ich,habe,Nun,~,habe
mir,ich,habe,~,ich
einen,mir,ich,~,mir
Tablet,einen,mir,~,einen
gekauft,Tablet,einen,~,Tablett
mich,gekauft,Tablet,~,gekauft
auch,mich,gekauft,~,mich
dort,auch,mich,~,auch
beim,dort,auch,~,dort
Standard,beim,dort,~,beim
registriert,Standard,beim,~,Standard
unter,registriert,Standard,~,registriert
einem,unter,registriert,~,unter
anderen,einem,unter,~,einem
Usernamen,anderen,einem,~,anderen
das,Usernamen,anderen,~,Usern amen
ist,das,Usernamen,~,das
bequemer,ist,das,~,ist
Aber,bequemer,ist,~,bequemer
wenn,Aber,bequemer,~,Aber
ich,wenn,Aber,~,wenn
vom,ich,wenn,~,ich
Tablett,vom,ich,~,vom
einen,Tablett,vom,~,Tablett
Beitrag,einen,Tablett,~,einen
schreiben,Beitrag,einen,~,Beitrag
/,schreiben,Beitrag,~,schreiben
Kommentieren,/,schreiben,~,/
will,Kommentieren,/,~,Kommentieren
wird,will,Kommentieren,~,will
der,wird,will,~,wird
Bildschirm,der,wird,~,der
dunkel,Bildschirm,der,~,Bildschirm
nichts,dunkel,Bildschirm,~,dunkel
geht,nichts,dunkel,~,nichts
mehr,geht,nichts,~,geht
Was,mehr,geht,~,mehr
ist,Was,mehr,~,Was
los,ist,Was,~,ist
-,los,ist,~,los
mir,bei,-,riss,bei
ist,mir,bei,gibst,mir
alles,ist,mir,http,ist
lesbar,alles,ist,der Standard,alles
Aber,lesbar,alles,atz,lesbar
auch,Aber,lesbar,die,Aber
hier,auch,Aber,~,auch
wie,hier,auch,~,hier
immer,wie,hier,~,wie
99%,immer,wie,~,immer
Fehler,99%,immer,~,99%
sitzen,Fehler,99%,~,Fehler
vor,sitzen,Fehler,~,sitzen
dem,vor,sitzen,~,vor
Rechner,dem,vor,~,dem
-,Rechner,dem,~,Rechner
-,-,Rechner,~,-
Knjas,Liebe/r,-,Oh,Lieber
N,Knjas,Liebe/r,ja,Anjas
bitte,N,Knjas,bitte,N
schicken,bitte,N,ein,bitte
Sie,schicken,bitte,Kultur-Newsletter,schicken
ein,Sie,schicken,wäre,Sie
Mail,ein,Sie,echt,ein
mit,Mail,ein,super,Mail
einer,mit,Mail,Kann,mit
möglichst,einer,mit,mich,einer
detailierten,möglichst,einer,da,möglichst
Fehler-,detailierten,möglichst,nur,detaillierten
bzw,Fehler-,detailierten,anschließen,Fehler-
Problemdarstellung,bzw,Fehler-,~,bzw.
an,Problemdarstellung,bzw,~,Problemdarstellung
foren@derstandard,an,Problemdarstellung,~,an
at,foren@derstandard,an,~,Referendarsforen
cln,at,foren@derstandard,~,AT
-,cln,at,~,Clan
schreibe,ich,-,wäre,ich
zwar,schreibe,ich,ganz,schreibe
aber,zwar,schreibe,toll,zwar
sehe,aber,zwar,Brauchbare,aber
danach,sehe,aber,Kulturinfos,sehe
nicht,danach,sehe,als,danach
dass,nicht,danach,Newsletter,nicht
ich,dass,nicht,habe,dass
hätte,gepostet,ich,noch,gepostet
-,hätte,gepostet,nirgendwo,hätte
~,~,~,gefunden,~
~,~,~,Der,~
~,~,~,Standard,~
~,~,~,ist,~
~,~,~,doch,~
~,~,~,-,~
~,~,~,die,~
~,~,~,meiner,~
~,~,~,Meinung,~
~,~,~,nach,~
~,~,~,beste,~
~,~,~,Tageszeitung,~
~,~,~,in,~
~,~,~,Österreich,~
~,~,~,-,~
~,~,~,immer,~
~,~,~,schon,~
~,~,~,Trendsetter,~
~,~,~,gewesen,~
~,~,~,-,~
~,~,~,lila,~
~,~,~,und,~
~,~,~,damit,~
~,~,~,auch,~
~,~,~,anders,~
~,~,~,Wäre,~
~,~,~,doch,~
~,~,~,toll,~
~,~,~,als,~
~,~,~,erste,~
~,~,~,Tageszeitung,~
~,~,~,einen,~
~,~,~,Kultur-Newsletter,~
~,~,~,zu,~
~,~,~,schaffen,~
~,~,~,und,~
~,~,~,damit,~
~,~,~,den,~
~,~,~,Anspruch,~
~,~,~,auf,~
~,~,~,Anspruch,~
~,~,~,zu,~
~,~,~,unterstreichen,~
~,~,~,Die,~
~,~,~,Unkultur,~
~,~,~,könnt,~
~,~,~,Ihr,~
~,~,~,ja,~
~,~,~,getrost,~
~,~,~,bei,~
~,~,~,der,~
~,~,~,Kronen-Zeitung,~
~,~,~,lassen,~
~,~,~,Die,~
~,~,~,hat,~
~,~,~,auch,~
~,~,~,das,~
~,~,~,richtige,~
~,~,~,Format,~
~,~,~,um,~
~,~,~,am,~
~,~,~,Klo,~
~,~,~,gelesen,~
~,~,~,zu,~
~,~,~,werden,~
erscheint,Das,-,Also,Das
ja,erscheint,Das,auch,erscheint
auch,ja,erscheint,wenn,ja
nicht,auch,ja,Weihnachten,auch
sofort,nicht,auch,schon,nicht
Da,sofort,nicht,vorbei,sofort
haben,Da,sofort,ist,Da
sich,haben,Da,ich,haben
schon,sich,haben,wünsche,sich
viele,schon,sich,mir,schon
aufgeregt,viele,schon,einen,viele
-,aufgeregt,viele,WISSENSCHAFTS-Newsletter,aufgeregt
~,~,~,Würde,~
~,~,~,mir,~
~,~,~,sogar,~
~,~,~,einen,~
~,~,~,Obolus,~
~,~,~,Wert,~
~,~,~,sein,~
~,~,~,wenn,~
~,~,~,der,~
~,~,~,nicht,~
~,~,~,zu,~
~,~,~,groß,~
~,~,~,ist,~
~,~,~,echt,~
wuren,Sie,-,Ich,Sie
wegen,wuren,Sie,möchte,euren
Verstößen,wegen,wuren,meine,wegen
gegen,Verstößen,wegen,Registrierung,Verstößen
die,gegen,Verstößen,löschen,gegen
Community,die,gegen,Anscheinend,die
Richtlinien,Community,die,gibt,Kommunität
für,Richtlinien,Community,es,Richtlinien
das,für,Richtlinien,dazu,für
Bewerten,das,für,keine,das
gesperrt,Bewerten,das,Anleitung,Bewerten
-,gesperrt,Bewerten,Wie,gesperrt
na,-,gesperrt,mache,-
bum,na,-,ich,na
-,bum,na,das,um
und,-,bum,also,-
Postings,und,-,~,und
von,Postings,und,~,Postings
mir,von,Postings,~,von
kommen,mir,von,~,mir
seit,kommen,mir,~,kommen
Wochen,seit,kommen,~,seit
auch,Wochen,seit,~,Wochen
keine,auch,Wochen,~,auch
mehr,keine,auch,~,keine
durch,mehr,keine,~,mehr
-,durch,mehr,~,durch
egal,-,durch,~,-
zu,egal,-,~,egal
welchen,zu,egal,~,zu
Thema,welchen,zu,~,welchen
Ich,Thema,welchen,~,Thema
sehe,Ich,Thema,~,Ich
auch,sehe,Ich,~,sehe
nicht,auch,sehe,~,auch
wegen,nicht,auch,~,nicht
welchem,wegen,nicht,~,wegen
Vergehen,welchem,wegen,~,welchem
ich,Vergehen,welchem,~,Vergehen
hier,ich,Vergehen,~,ich
gesperrt,hier,ich,~,hier
wurde,gesperrt,hier,~,gesperrt
Welcher,wurde,gesperrt,~,wurde
Praktikant,Welcher,wurde,~,Welcher
arbeitet,Praktikant,Welcher,~,Praktikant
denn,arbeitet,Praktikant,~,arbeitet
hier,denn,arbeitet,~,denn
-,hier,denn,~,hier
kann,Wie,-,Diesem,Wie
ich,kann,Wie,Weihnachtswunsch,kann
mich,ich,kann,nach,ich
dauerhaft,mich,ich,einem,mich
abmelden,dauerhaft,mich,Wissenschafts-Newsletter,dauerhaft
-,abmelden,dauerhaft,schließe,abmelden
~,~,~,ich,~
~,~,~,mich,~
~,~,~,gern,~
~,~,~,an,~
~,~,~,Vorschlag,~
~,~,~,wöchentlich,~
~,~,~,Danke,~
~,~,~,im,~
~,~,~,Voraus,~
Frage,diese,Ja,über,diese
ist,Frage,diese,einen,Frage
in,ist,Frage,wöchentlichen,ist
letzter,in,ist,Kultur,in
Zeit,letzter,in,Newsletter,letzter
häufiger,Zeit,letzter,würde,Zeit
zu,häufiger,Zeit,ich,häufiger
hören,zu,häufiger,mich,zu
*lol*,hören,zu,auch,hören
Hängt,*lol*,hören,freuen,*lol*
das,Hängt,*lol*,~,Hängt
etwa,das,Hängt,~,das
damit,etwa,das,~,etwa
zusammen,damit,etwa,~,damit
dass,zusammen,damit,~,zusammen
das,dass,zusammen,~,dass
Bewertungssystem,das,dass,~,das
gerade,Bewertungssystem,das,~,Bewertungssystem
den,gerade,Bewertungssystem,~,gerade
Bach,den,gerade,~,den
runter,Bach,den,~,Bach
geht,runter,Bach,~,runter
-,geht,runter,~,geht
Sie,Schicken,-,ich,Schicken
uns,Sie,Schicken,würde,Sie
ein,uns,Sie,gern,uns
Mail,ein,uns,mein,ein
an,Mail,ein,newsletter-abo,Mail
foren@derStandard,an,Mail,abmelden,an
at,foren@derStandard,an,kann,Referendarsforen
stn,at,foren@derStandard,mir,AT
-,stn,at,jemand,Dtn
~,~,~,sagen,~
~,~,~,wie,~
~,~,~,das,~
~,~,~,geht,~
geht,es,-,Ist,es
nicht,geht,es,im,geht
es,nicht,geht,Neuen,nicht
wird,es,nicht,Jahr,es
gegangen,wird,es,der,wird
*grün*,gegangen,wird,wöchentliche,gegangen
by,*grün*,gegangen,Newsletter,grün
the,by,*grün*,eingestellt,Baby
way,the,by,worden,ehe
-,way,the,Ich,was
~,~,~,jedenfalls,~
~,~,~,hab,~
~,~,~,noch,~
~,~,~,keinen,~
~,~,~,erhalten,~
funktioniert,Weshalb,-,einfach,Weshalb
mein,funktioniert,Weshalb,http,funktioniert
Liveticker,mein,funktioniert,der Standard,mein
nicht,Liveticker,mein,atz,Verklicker
-,nicht,Liveticker,die,nicht
~,~,~,aufrufen,~
~,~,~,sich,~
~,~,~,anmelden,~
~,~,~,und,~
~,~,~,auswählen,~
~,~,~,welche,~
~,~,~,Newsletter,~
~,~,~,man,~
~,~,~,erhalten,~
~,~,~,bzw.,~
~,~,~,nicht,~
~,~,~,mehr,~
~,~,~,erhalten,~
~,~,~,möchte,~
genau,Was,-,sorry,Was
funktioniert,genau,Was,meinte,genau
nicht,funktioniert,genau,natürlich,funktioniert
Bitte,nicht,funktioniert,diese,nicht
schicken,Bitte,nicht,Adresse,Bitte
Sie,schicken,Bitte,aufrufen,schicken
uns,Sie,schicken,http,Sie
doch,uns,Sie,der Standard,uns
einen,doch,uns,atz,doch
Screenshot,einen,doch,~,einen
an,Screenshot,einen,~,Screenshot
foren@derstandard,an,Screenshot,~,an
at,foren@derstandard,an,~,Referendarsforen
-,at,foren@derstandard,~,AT
RSS,per,-,Ich,per
feed,RSS,per,bin,RISS
-,feed,RSS,begeistert,Fee
~,~,~,von,~
~,~,~,den,~
~,~,~,STANDARD,~
~,~,~,-,~
~,~,~,Newslettern,~
~,~,~,In,~
~,~,~,keiner,~
~,~,~,anderen,~
~,~,~,E-Zeitung,~
~,~,~,gibt,~
~,~,~,es,~
~,~,~,eine,~
~,~,~,solche,~
~,~,~,Vielfalt,~
~,~,~,und,~
~,~,~,so,~
~,~,~,interessante,~
~,~,~,Kommentare,~
~,~,~,bzw.,~
~,~,~,eine,~
~,~,~,so,~
~,~,~,genaue,~
~,~,~,Berichterstattung,~
~,~,~,Macht,~
~,~,~,weiter,~
~,~,~,so,~
~,~,~,ich,~
~,~,~,finde,~
~,~,~,es,~
~,~,~,jedenfalls,~
~,~,~,toll,~
~,~,~,Johann,~
~,~,~,Radiolits,~
40+,Ich,-,Ja,Ich
kann,40+,Ich,ja,40+
seit,kann,40+,der,kann
dem,seit,kann,Standard,seit
update,dem,seit,~,dem
die,update,dem,~,update
Texte,die,update,~,die
kaum,Texte,die,~,Texte
noch,kaum,Texte,~,kaum
lesen,noch,kaum,~,noch
die,lesen,noch,~,lesen
Buchstaben,die,lesen,~,die
sind,Buchstaben,die,~,Buchstaben
viel,sind,Buchstaben,~,sind
zu,viel,sind,~,viel
klein,zu,viel,~,zu
Auch,klein,zu,~,klein
finde,Auch,klein,~,Auch
ich,finde,Auch,~,finde
den,ich,finde,~,ich
weissen,den,ich,~,den
Hintergrund,weissen,den,~,weißen
recht,Hintergrund,weissen,~,Hintergrund
langweilig,recht,Hintergrund,~,recht
und,langweilig,recht,~,langweilig
weis,und,langweilig,~,und
nicht,weis,und,~,weis
mehr,nicht,weis,~,nicht
in,mehr,nicht,~,mehr
welchem,in,mehr,~,in
Ressort,welchem,in,~,welchem
ich,Ressort,welchem,~,Ressort
gerade,ich,Ressort,~,ich
bin,gerade,ich,~,gerade
Zoomen,bin,gerade,~,bin
wie,Zoomen,bin,~,Zoomen
im,wie,Zoomen,~,wie
Browser,im,wie,~,im
geht,Browser,im,~,Browser
nicht,geht,Browser,~,geht
Die,nicht,geht,~,nicht
Buttons,Die,nicht,~,Die
sind,Buttons,Die,~,Buttons
mitten,sind,Buttons,~,sind
im,mitten,sind,~,mitten
Text,im,mitten,~,im
Galaxy,Text,im,~,Text
S4,Galaxy,Text,~,Galaxie
mit,S4,Galaxy,~,Sh
Android,mit,S4,~,mit
4,Android,mit,~,Android
3,4,Android,~,4
Es,3,4,~,3
gibt,Es,3,~,Es
ja,gibt,Es,~,gibt
noch,ja,gibt,~,ja
die,noch,ja,~,noch
Vollversion,die,noch,~,die
aber,Vollversion,die,~,Vollversion
die,aber,Vollversion,~,aber
App,die,aber,~,die
wäre,App,die,~,App
mir,wäre,App,~,wäre
deutlich,mir,wäre,~,mir
lieber,deutlich,mir,~,deutlich
-,lieber,deutlich,~,lieber
Dank,Vielen,-,Nein,Vielen
für,Dank,Vielen,~,Dank
Ihre,für,Dank,~,für
Fehlermeldung,Ihre,für,~,Ihre
Wir,Fehlermeldung,Ihre,~,Fehlermeldung
konnten,Wir,Fehlermeldung,~,Wir
das,konnten,Wir,~,konnten
Problem,das,konnten,~,das
mit,Problem,das,~,Problem
der,mit,Problem,~,mit
Hintergrundfarbe,der,mit,~,der
leider,Hintergrundfarbe,der,~,Hintergrundfarbe
nicht,leider,Hintergrundfarbe,~,leider
nachvollziehen,nicht,leider,~,nicht
Würden,nachvollziehen,nicht,~,nachvollziehen
Sie,Würden,nachvollziehen,~,Würden
uns,Sie,Würden,~,Sie
bitte,uns,Sie,~,uns
einen,bitte,uns,~,bitte
Screenshot,einen,bitte,~,einen
an,Screenshot,einen,~,Screenshot
mobil@derstandard,an,Screenshot,~,an
at,mobil@derstandard,an,~,Kalibrierstandard
schicken,at,mobil@derstandard,~,AT
Die,schicken,at,~,schicken
Schriftgrösse,Die,schicken,~,Die
des,Schriftgrösse,Die,~,Schriftgröße
dargestellten,des,Schriftgrösse,~,des
Textes,dargestellten,des,~,dargestellten
können,Textes,dargestellten,~,Textes
Sie,können,Textes,~,können
mit,Sie,können,~,Sie
dem,mit,Sie,~,mit
A+,dem,mit,~,dem
-,A+,dem,~,Aa
Symbol,-,A+,~,-
im,Symbol,-,~,Symbol
rechten,im,Symbol,~,im
Bereich,rechten,im,~,rechten
der,Bereich,rechten,~,Bereich
Top-Toolbar,der,Bereich,~,der
ändern,Top-Toolbar,der,~,Top-Tool bar
In,ändern,Top-Toolbar,~,ändern
dieser,In,ändern,~,In
finden,dieser,In,~,dieser
Sie,finden,dieser,~,finden
ebenso,Sie,finden,~,Sie
die,ebenso,Sie,~,ebenso
Info,die,ebenso,~,die
über,Info,die,~,Info
das,über,Info,~,über
aktuelle,das,über,~,das
Ressort,aktuelle,das,~,aktuelle
Als,Ressort,aktuelle,~,Ressort
zusätzliche,Als,Ressort,~,Als
Navigationshilfe,zusätzliche,Als,~,zusätzliche
können,Navigationshilfe,zusätzliche,~,Navigationshilfe
Sie,können,Navigationshilfe,~,können
den,Sie,können,~,Sie
linken,den,Sie,~,den
Button,linken,den,~,linken
in,Button,linken,~,Button
der,in,Button,~,in
unteren,der,in,~,der
Aktionsleiste,unteren,der,~,unteren
benutzen,Aktionsleiste,unteren,~,Aktionsleiste
Bitte,benutzen,Aktionsleiste,~,benutzen
prüfen,Bitte,benutzen,~,Bitte
Sie,prüfen,Bitte,~,prüfen
ob,Sie,prüfen,~,Sie
die,ob,Sie,~,ob
eben,die,ob,~,die
beschriebenen,eben,die,~,eben
Elemente,beschriebenen,eben,~,beschriebenen
auf,Elemente,beschriebenen,~,Elemente
Ihrem,auf,Elemente,~,auf
Gerät,Ihrem,auf,~,Ihrem
funktionieren,Gerät,Ihrem,~,Gerät
Falls,funktionieren,Gerät,~,funktionieren
nicht,Falls,funktionieren,~,Falls
wären,nicht,Falls,~,nicht
wir,wären,nicht,~,wären
auch,wir,wären,~,wir
hier,auch,wir,~,auch
über,hier,auch,~,hier
eine,über,hier,~,über
Rückmeldung,eine,über,~,eine
dankbar,Rückmeldung,eine,~,Rückmeldung
-,dankbar,Rückmeldung,~,dankbar
Im,*,-,Wie,*
gedrehten,Im,*,kann,Im
Bildschirm,gedrehten,Im,ich,gedrehten
Modus,Bildschirm,gedrehten,mein,Bildschirm
Widescreen,Modus,Bildschirm,newsletter-abo,Modus
ist,Widescreen,Modus,abmelden,Widerreden
der,ist,Widescreen,~,ist
Homebutton,der,ist,~,der
unten,Homebutton,der,~,Homecomputern
links,unten,Homebutton,~,unten
eher,links,unten,~,links
störend,eher,links,~,eher
Ich,störend,eher,~,störend
würde,Ich,störend,~,Ich
ihn,würde,Ich,~,würde
unter,ihn,würde,~,ihn
die,unter,ihn,~,unter
Topic-Scrollleiste,die,unter,~,die
geben,Topic-Scrollleiste,die,~,Topik-Scrollleiste
*,geben,Topic-Scrollleiste,~,geben
No,*,geben,~,*
offense,No,*,~,Not
Aber,offense,No,~,offenes
das,Aber,offense,~,Aber
Icon,das,Aber,~,das
für,Icon,das,~,Icon
diese,für,Icon,~,für
App,diese,für,~,diese
ist,App,diese,~,App
grottenhässlich,ist,App,~,ist
Das,grottenhässlich,ist,~,grottenhäßlich
Icon,Das,grottenhässlich,~,Das
für,Icon,Das,~,Icon
die,für,Icon,~,für
e-paper,die,für,~,die
Version,e-paper,die,~,-paper
hingegen,Version,e-paper,~,Version
ist,hingegen,Version,~,hingegen
ansprechend,ist,hingegen,~,ist
und,ansprechend,ist,~,ansprechend
brauchbar,und,ansprechend,~,und
Ich,brauchbar,und,~,brauchbar
bin,Ich,brauchbar,~,Ich
kein,bin,Ich,~,bin
Systemhacker,kein,bin,~,kein
der,Systemhacker,kein,~,Systemhacker
sich,der,Systemhacker,~,der
gleich,sich,der,~,sich
eigene,gleich,sich,~,gleich
Icons,eigene,gleich,~,eigene
bastelt,Icons,eigene,~,Icons
und,bastelt,Icons,~,bastelt
das,und,bastelt,~,und
sollte,das,und,~,das
auch,sollte,das,~,sollte
nicht,auch,sollte,~,auch
notwendig,nicht,auch,~,nicht
sein,notwendig,nicht,~,notwendig
Ansonsten,sein,notwendig,~,sein
bin,Ansonsten,sein,~,Ansonsten
ich,bin,Ansonsten,~,bin
zufrieden,ich,bin,~,ich
nach,zufrieden,ich,~,zufrieden
kurzem,nach,zufrieden,~,nach
Test,kurzem,nach,~,kurzem
Keep,Test,kurzem,~,Test
on,Keep,Test,~,Jeep
the,on,Keep,~,in
good,the,on,~,ehe
work,good,the,~,Godot
-,work,good,~,York
mich,Freut,-,Ab,Freut
dass,mich,Freut,sofort,mich
alles,dass,mich,gibt,dass
zur,alles,dass,es,alles
Zufriedenheit,zur,alles,auch,zur
funktioniert,Zufriedenheit,zur,ein,Zufriedenheit
Icons,funktioniert,Zufriedenheit,D-Mail,funktioniert
sind,Icons,funktioniert,Kultur,Icons
ja,sind,Icons,~,sind
bekanntlich,ja,sind,~,ja
Geschmackssache,bekanntlich,ja,~,bekanntlich
aber,Geschmackssache,bekanntlich,~,Geschmackssache
ich,aber,Geschmackssache,~,aber
gebe,ich,aber,~,ich
das,gebe,ich,~,gebe
gerne,das,gebe,~,das
an,gerne,das,~,gerne
unseren,an,gerne,~,an
Designer,unseren,an,~,unseren
weiter,Designer,unseren,~,Designer
-,weiter,Designer,~,weiter
wenn,Immer,-,Kommentare,Immer
ich,wenn,Immer,Kolumnen,wenn
mich,ich,wenn,Kommentare,ich
anmelden,mich,ich,der,mich
möchte,anmelden,mich,anderen,anmelden
und,möchte,anmelden,bekommen,möchte
in,und,möchte,Sie,und
eine,in,und,im,in
der,eine,in,neuen,eine
Text-Boxen,der,eine,D-Mail,der
klicke,Text-Boxen,der,Meinung,Text-Boxen
kommt,klicke,Text-Boxen,~,klicke
das,kommt,klicke,~,kommt
Lade-Zeichen,das,kommt,~,das
Bei,Lade-Zeichen,das,~,Lade-Zeichen
dem,Bei,Lade-Zeichen,~,Bei
bleibt,dem,Bei,~,dem
es,bleibt,dem,~,bleibt
dann,es,bleibt,~,es
auch,dann,es,~,dann
es,auch,dann,~,auch
sei,es,auch,~,es
denn,sei,es,~,sei
man,denn,sei,~,denn
klickt,man,denn,~,man
irg,klickt,man,~,klickt
wo,irg,klickt,~,birg
auf,wo,irg,~,wo
den,auf,wo,~,auf
Bildschirm,den,auf,~,den
hin,Bildschirm,den,~,Bildschirm
Dann,hin,Bildschirm,~,hin
kann,Dann,hin,~,Dann
man,kann,Dann,~,kann
beginnen,man,kann,~,man
die,beginnen,man,~,beginnen
Anmeldedaten,die,beginnen,~,die
einzugeben,Anmeldedaten,die,~,Anmeldedaten
Also,einzugeben,Anmeldedaten,~,einzugeben
es,Also,einzugeben,~,Also
funktioniert,es,Also,~,es
zwar,funktioniert,es,~,funktioniert
ist,zwar,funktioniert,~,zwar
aber,ist,zwar,~,ist
seltsam,aber,ist,~,aber
umständlich,seltsam,aber,~,seltsam
Mein,umständlich,seltsam,~,umständlich
OS,Mein,umständlich,~,Mein
4,OS,Mein,~,OS
4,4,OS,~,4
KitKat,4,4,~,4
Gerät,KitKat,4,~,Kita
Nexus,Gerät,KitKat,~,Gerät
5,Nexus,Gerät,~,Nexus
-,5,Nexus,~,5
komm,wie,-,ja,wie
ich,komm,wie,ja,komm
denn,ich,komm,so,ich
mobil,denn,ich,ist,denn
zur,mobil,denn,es,mobil
community,zur,mobil,~,zur
-,community,zur,~,Kommunität
Sie,Benutzen,-,nicht,Benutzen
den,Sie,Benutzen,zu,Sie
Button,den,Sie,verwechseln,den
Postings,Button,den,mit,Button
über,Postings,Button,dem,Postings
der,über,Postings,A-Loch,über
Bildleiste,der,über,~,der
im,Bildleiste,der,~,Bildleiste
Artikeldetail,im,Bildleiste,~,im
-,Artikeldetail,im,~,Artikeldetail
funktioniert,-,Artikeldetail,~,-
in,funktioniert,-,~,funktioniert
der,in,funktioniert,~,in
mobilen,der,in,~,der
Website,mobilen,der,~,mobilen
als,Website,mobilen,~,Website
auch,als,Website,~,als
in,auch,als,~,auch
der,in,auch,~,in
App,der,in,~,der
oder,App,der,~,App
drücken,oder,App,~,oder
Sie,drücken,oder,~,drücken
auf,Sie,drücken,~,Sie
die,auf,Sie,~,auf
rote,die,auf,~,die
Sprechblase,rote,die,~,rote
in,Sprechblase,rote,~,Sprechblase
der,in,Sprechblase,~,in
unteren,der,in,~,der
Toolbar,unteren,der,~,unteren
der,Toolbar,unteren,~,Tool bar
App,der,Toolbar,~,der
-,App,der,~,App
ich,Soabald,-,Wie,Sobald
mich,ich,Soabald,wär,ich
einloggen,mich,ich,mit,mich
will,einloggen,mich,einem,einloggen
zum,will,einloggen,_funktionierenden_,will
posten,zum,will,RSS,zum
erscheint,posten,zum,Feed,Posten
Um,erscheint,posten,Ich,erscheint
diese,Um,erscheint,hab,Um
Funktion,diese,Um,nichts,diese
zu,Funktion,diese,davon,Funktion
verwenden,zu,Funktion,wenn,zu
benutzen,verwenden,zu,ich,verwenden
sie,benutzen,verwenden,nur,benutzen
bitte,sie,benutzen,die,sie
die,bitte,sie,Headlines,bitte
aktuelle,die,bitte,via,die
Version,aktuelle,die,RSS,aktuelle
aus,Version,aktuelle,lesen,Version
dem,aus,Version,kann,aus
Play,dem,aus,und,dem
Store,Play,dem,für,Pley
-->,Store,Play,den,Sorte
Meine,-->,Store,Rest,-->
Version,Meine,-->,vom,Meine
ist,Version,Meine,Artikel,Version
immer,ist,Version,dann,ist
am,immer,ist,erst,immer
aktuellen,am,immer,die,am
STand,aktuellen,am,Website,aktuellen
-,STand,aktuellen,aufmachen,Stand
~,~,~,muss,~
~,~,~,Warum,~
~,~,~,kannst,~
~,~,~,nicht,~
~,~,~,die,~
~,~,~,vollständigen,~
~,~,~,Artikel,~
~,~,~,via,~
~,~,~,RSS,~
~,~,~,geben,~
bzw,posts,-,Aber,Mosts
Konto,bzw,posts,momentan,bzw.
wäre,Konto,bzw,funktioniert,Konto
eine,wäre,Konto,das,wäre
gute,eine,wäre,Abmelden,eine
Erweiterung,gute,eine,oder,gute
-,Erweiterung,gute,Adressen,Erweiterung
~,~,~,ändern,~
~,~,~,überhaupt,~
~,~,~,nicht,~
~,~,~,In,~
~,~,~,USA,~
~,~,~,macht,~
~,~,~,man,~
~,~,~,dies,~
~,~,~,auf,~
~,~,~,den,~
~,~,~,Servern,~
~,~,~,einfacher,~
~,~,~,Ansonsten,~
~,~,~,ist,~
~,~,~,DER,~
~,~,~,STANDARD,~
~,~,~,ja,~
~,~,~,wirklich,~
~,~,~,das,~
~,~,~,Beste,~
~,~,~,was,~
~,~,~,es,~
~,~,~,in,~
~,~,~,Österreich,~
~,~,~,gibt,~
~,~,~,Weiter,~
~,~,~,im,~
~,~,~,Text,~
~,~,~,-,~
~,~,~,carpeDiem,~
~,~,~,-,~
umsetzen,Unbedingt,-,Aber,Unbedingt
bitte,umsetzen,Unbedingt,es,umsetzen
-,bitte,umsetzen,gehört,bitte
~,~,~,zum,~
~,~,~,Standard,~
~,~,~,täglich,~
~,~,~,diese,~
~,~,~,Zeitung,~
~,~,~,zu,~
~,~,~,lesen,~
~,~,~,Nur,~
~,~,~,bedauere,~
~,~,~,ich,~
~,~,~,als,~
~,~,~,Kärntner,~
~,~,~,dass,~
~,~,~,die,~
~,~,~,zuständige,~
~,~,~,Redakteurin,~
~,~,~,das,~
~,~,~,hohe,~
~,~,~,Niveau,~
~,~,~,des,~
~,~,~,Standard,~
~,~,~,vermissen,~
~,~,~,lässt,~
~,~,~,Da,~
~,~,~,sollten,~
~,~,~,an,~
~,~,~,sich,~
~,~,~,in,~
~,~,~,der,~
~,~,~,Chefetage,~
~,~,~,etwas,~
~,~,~,überlegen,~
wieso,Bitte,-,Wie,Bitte
gibt,wieso,Bitte,wäre,wieso
es,gibt,wieso,es,gibt
keinen,es,gibt,mit,es
Kulturnewsletter,keinen,es,einer,keinen
Interessiert,Kulturnewsletter,keinen,goldenen,Kulturnewsletter
das,Interessiert,Kulturnewsletter,Uhr,Interessiert
sonst,das,Interessiert,Würde,das
niemanden,sonst,das,ich,sonst
-,niemanden,sonst,mir,niemanden
~,~,~,schon,~
~,~,~,einige,~
~,~,~,zerquetschen,~
~,~,~,Euro,~
~,~,~,kosten,~
~,~,~,lassen,~
~,~,~,Hermann,~
User,Liebe,-,ging,Liebe
wir,User,Liebe,ja,User
haben,wir,User,flott,wir
soeben,haben,wir,-,haben
eine,soeben,haben,~,soeben
neue,eine,soeben,~,eine
Version,neue,eine,~,neue
der,Version,neue,~,Version
App,der,Version,~,der
in,App,der,~,App
den,in,App,~,in
Playstore,den,in,~,den
hochgeladen,Playstore,den,~,Plastome
die,hochgeladen,Playstore,~,hochgeladen
Versionsnummer,die,hochgeladen,~,die
ist,Versionsnummer,die,~,Versionsnummer
jetzt,ist,Versionsnummer,~,ist
1,jetzt,ist,~,jetzt
2,1,jetzt,~,1
1,2,1,~,2
Es,1,2,~,1
wurden,Es,1,~,Es
einige,wurden,Es,~,wurden
Fehler,einige,wurden,~,einige
asynchrones,Fehler,einige,~,Fehler
Ladeverhalten,asynchrones,Fehler,~,asynchrones
Stabilität,Ladeverhalten,asynchrones,~,Ladeverhalten
etc,Stabilität,Ladeverhalten,~,Stabilität
sowie,etc,Stabilität,~,et
das,sowie,etc,~,sowie
lästige,das,sowie,~,das
Anmeldeproblem,lästige,das,~,lästige
auf,Anmeldeproblem,lästige,~,Anmeldeproblem
Android-Versionen,auf,Anmeldeproblem,~,auf
&gt,Android-Versionen,auf,~,Android-Versionen
=,&gt,Android-Versionen,~,ggT
4,=,&gt,~,=
4,4,=,~,4
behoben,4,4,~,4
-,behoben,4,~,behoben
es,Gibt,-,Habe,Gibt
eine,es,Gibt,mich,es
Möglivhkeit,eine,es,gerade,eine
mit,Möglivhkeit,eine,für,Möglichkeit
einem,mit,Möglivhkeit,den,mit
Android,einem,mit,Newsletter,einem
Tablet,Android,einem,angemeldet,Android
die,Tablet,Android,doch,Tablett
Desktop-Version,die,Tablet,der,die
zu,Desktop-Version,die,eigentliche,Desktop-Version
verwenden,zu,Desktop-Version,Grund,zu
Bei,verwenden,zu,dafür,verwenden
meinem,Bei,verwenden,wären,Bei
Samsung,meinem,Bei,die,meinem
12,Samsung,meinem,Wissenschaft,Samsung
2,12,Samsung,Informationen,12
werde,2,12,gewesen,2
ich,werde,2,nun,werde
immer,ich,werde,frage,ich
auf,immer,ich,ich,immer
die,auf,immer,mich,auf
mobile,die,auf,ob,die
Seite,mobile,die,das,mobile
umgeleitet,Seite,mobile,noch,Seite
auch,umgeleitet,Seite,möglich,umgeleitet
wenn,auch,umgeleitet,ist,auch
in,wenn,auch,~,wenn
Chrome,in,wenn,~,in
die,Chrome,in,~,Chrom
Desktop-Version,die,Chrome,~,die
ausgewählt,Desktop-Version,die,~,Desktop-Version
ist,ausgewählt,Desktop-Version,~,ausgewählt
-,ist,ausgewählt,~,ist
für's,Danke,-,krieg,Danke
posten,für's,Danke,sie,fürs
Das,posten,für's,trotz,Posten
ist,Das,posten,entfernten,Das
ein,ist,Das,Hakeln,ist
Ausschliessungsgrund,ein,ist,immer,ein
wenn,Ausschliessungsgrund,ein,noch,Schließungsgrund
das,wenn,Ausschliessungsgrund,Was,wenn
nicht,das,wenn,mach,das
geht,nicht,das,ich,nicht
-,geht,nicht,falsch,geht
-,tztz,-,Habe,jetzt
~,~,~,mich,~
~,~,~,auch,~
~,~,~,gerade,~
~,~,~,angemeldet,~
~,~,~,und,~
~,~,~,Daten,~
~,~,~,eingegeben,~
~,~,~,und,~
~,~,~,ähnliches,~
~,~,~,Wünsche,~
~,~,~,allen,~
~,~,~,faire,~
~,~,~,Bewertungen,~
~,~,~,akzeptierte,~
~,~,~,Meinungsfreiheit,~
~,~,~,und,~
~,~,~,natürlich,~
~,~,~,Spaß,~
ein,-,-,Hm,-
vorwärts,ein,-,Ich,ein
button,vorwärts,ein,sehe,vorwärts
-,button,vorwärts,mein,Button
link,-,button,Kommentar,-
zu,link,-,noch,Link
postings,zu,link,nicht,zu
am,postings,zu,oder,Postillion
ENDE,am,postings,dauert,am
des,ENDE,am,das,ENDE
Artikels,des,ENDE,nur,des
-,Artikels,des,etwas,Artikels
'zurück,-,Artikels,länger,-
zum,'zurück,-,~,zurück
Artikel',zum,'zurück,~,zum
link,Artikel',zum,~,Artikel
bei,link,Artikel',~,Link
den,bei,link,~,bei
postings,den,bei,~,den
-,postings,den,~,Postillion
auf,Gibts,-,Es,Gifts
der,auf,Gibts,ist,auf
mobilen,der,auf,wirklich,der
Seite,mobilen,der,lästig,mobilen
auch,Seite,mobilen,dass,Seite
nicht,auch,Seite,das,auch
-,nicht,auch,Stornieren,nicht
~,~,~,bzw.,~
~,~,~,Abmelden,~
~,~,~,der,~
~,~,~,Newsletter,~
~,~,~,beim,~
~,~,~,Standard,~
~,~,~,so,~
~,~,~,kompliziert,~
~,~,~,ist,~
~,~,~,Seit,~
~,~,~,Wochen,~
~,~,~,versuche,~
~,~,~,ich,~
~,~,~,dies,~
~,~,~,zu,~
~,~,~,tun,~
~,~,~,Habe,~
~,~,~,alle,~
~,~,~,Hacer,~
~,~,~,von,~
~,~,~,der,~
~,~,~,Liste,~
~,~,~,entfernt,~
~,~,~,und,~
~,~,~,trotzdem,~
~,~,~,erhalte,~
~,~,~,ich,~
~,~,~,nach,~
~,~,~,wie,~
~,~,~,vor,~
~,~,~,diese,~
~,~,~,verflixten,~
~,~,~,Newsletter,~
~,~,~,Vielleicht,~
~,~,~,fühlt,~
~,~,~,sich,~
~,~,~,beim,~
~,~,~,Standard,~
~,~,~,irgendjemand,~
~,~,~,verantwortlich,~
~,~,~,und,~
~,~,~,stellt,~
~,~,~,den,~
~,~,~,Bezug,~
~,~,~,der,~
~,~,~,Newsletter,~
~,~,~,endlich,~
~,~,~,ein,~
~,~,~,mag,~
wird,Wieso,-,Es,Wieso
manchmal,wird,Wieso,ist,wird
ein,manchmal,wird,ganz,manchmal
Link,ein,manchmal,einfach,ein
zu,Link,ein,nervend,Link
einem,zu,Link,Vor,zu
Artikel,einem,zu,kurzem,einem
aus,Artikel,einem,habe,Artikel
der,aus,Artikel,ich,aus
App,der,aus,den,der
im,App,der,news-letter,App
Browser,im,App,angemeldet,im
geöffnet,Browser,im,in,Browser
-,geöffnet,Browser,der,geöffnet
~,~,~,hoffnungsvollen,~
~,~,~,Gewissheit,~
~,~,~,weil,~
~,~,~,vertrauenserweckend,~
~,~,~,angekündigt,~
~,~,~,ihn,~
~,~,~,jederzeit,~
~,~,~,wieder,~
~,~,~,stornieren,~
~,~,~,zu,~
~,~,~,können,~
~,~,~,Aber,~
~,~,~,leider,~
~,~,~,führt,~
~,~,~,kein,~
~,~,~,Weg,~
~,~,~,dahin,~
~,~,~,Ich,~
~,~,~,wäre,~
~,~,~,dankbar,~
~,~,~,für,~
~,~,~,eine,~
~,~,~,diesbezügliche,~
~,~,~,Hilfe,~
~,~,~,des,~
~,~,~,Lesers,~
~,~,~,dieser,~
~,~,~,Email,~
schätze,Ich,-,Können,Ich
die,schätze,Ich,Sie,schätze
mobile,die,schätze,uns,die
Seite,mobile,die,bitte,mobile
sehr,Seite,mobile,eine,Seite
wieso,sehr,Seite,Mail,sehr
sollte,wieso,sehr,mit,wieso
ich,sollte,wieso,Ihren,sollte
mir,ich,sollte,Zugangsdaten,ich
daher,mir,ich,an,mir
ein,daher,mir,foren@derStandard,daher
App,ein,daher,atz,ein
installieren,App,ein,schicken,App
Ich,installieren,App,damit,installieren
Frage,Ich,installieren,wir,Ich
mich,Frage,Ich,Ihnen,Frage
nur,mich,Frage,weiterhelfen,mich
was,nur,mich,können,nur
dafür,was,nur,Vielen,was
spricht,dafür,was,Dank,dafür
da,spricht,dafür,Mag,spricht
ich,da,spricht,~,da
persönlich,ich,da,~,ich
eher,persönlich,ich,~,persönlich
mobile,eher,persönlich,~,eher
Seiten,mobile,eher,~,mobile
einer,Seiten,mobile,~,Seiten
APP,einer,Seiten,~,einer
bevorzuge,APP,einer,~,APP
und,bevorzuge,APP,~,bevorzuge
mein,und,bevorzuge,~,und
Handy,mein,und,~,mein
nicht,Handy,mein,~,Handy
mit,nicht,Handy,~,nicht
Dritten,mit,nicht,~,mit
Programmen,Dritten,mit,~,Dritten
überfracbten,Programmen,Dritten,~,Programmen
möchte,überfracbten,Programmen,~,überfrachten
-,möchte,überfracbten,~,möchte
dich,Für,-,Antworten,Für
ist,dich,Für,erst,dich
sie,ist,dich,beim,ist
auch,sie,ist,Erscheinen,sie
nicht,auch,sie,als,auch
gemacht,nicht,auch,E-Mail,nicht
worden,gemacht,nicht,dem,gemacht
-,worden,gemacht,Poster,worden
~,~,~,zugestellt,~
~,~,~,würden,~
~,~,~,Es,~
~,~,~,gibt,~
~,~,~,User,~
~,~,~,die,~
~,~,~,ihre,~
~,~,~,Kommentare,~
~,~,~,sofort,~
~,~,~,nach,~
~,~,~,Mail-Eingang,~
~,~,~,irgendwo,~
~,~,~,hin posten,~
~,~,~,Dadurch,~
~,~,~,wird,~
~,~,~,1,~
~,~,~,vor,~
~,~,~,allem,~
~,~,~,für,~
~,~,~,andere,~
~,~,~,Unser,~
~,~,~,die,~
~,~,~,Lesbarkeit,~
~,~,~,wesentlich,~
~,~,~,beeinträchtigt,~
~,~,~,2,~
~,~,~,kann,~
~,~,~,das,~
~,~,~,Post,~
~,~,~,verdreht,~
~,~,~,wiedergegeben,~
~,~,~,werden,~
~,~,~,3,~
~,~,~,man,~
~,~,~,ist,~
~,~,~,immer,~
~,~,~,wieder,~
~,~,~,gezwungen,~
~,~,~,die,~
~,~,~,Antwort,~
~,~,~,richtig,~
~,~,~,zu,~
~,~,~,stellen,~
~,~,~,Privatfehden,~
~,~,~,von,~
~,~,~,Usern,~
~,~,~,sollten,~
~,~,~,wenn,~
~,~,~,schon,~
~,~,~,zugelassen,~
~,~,~,für,~
~,~,~,alle,~
~,~,~,User,~
~,~,~,nachvollziehbar,~
~,~,~,sein,~
~,~,~,Danke,~
ich,wenn,-,Vielen,wenn
Postings,ich,wenn,Dank,ich
lese,Postings,ich,für,Postings
dreht,lese,Postings,Ihre,lese
sich,dreht,lese,Anregung,dreht
der,sich,dreht,Wir,sich
Bildschirm,der,sich,werden,der
immer,Bildschirm,der,sie,Bildschirm
auf,immer,Bildschirm,weiterleiten,immer
gerade,auf,immer,Mag,auf
und,gerade,auf,~,gerade
ist,und,gerade,~,und
somit,ist,und,~,ist
für,somit,ist,~,somit
mich,für,somit,~,für
unbrauchbar,mich,für,~,mich
-,unbrauchbar,mich,~,unbrauchbar
gibts,rss,-,Das,riss
http,gibts,rss,Problem,gibst
//derstandard,http,gibts,besteht,http
at/,//derstandard,http,immer,Rassestandard
id=1850853,at/,//derstandard,noch,AT
-,id=1850853,at/,~,id=1850853
bin,da,-,Zurzeit,da
ich,bin,da,liegt,bin
aber,ich,bin,das,ich
ganz,aber,ich,Thema,aber
schön,ganz,aber,in,ganz
erleichtert,schön,ganz,unserer,schön
und,erleichtert,schön,Technik-Abteilung,erleichtert
froh,und,erleichtert,um,und
-,froh,und,die,froh
-,-,froh,technische,-
~,~,~,Realisierbarkeit,~
~,~,~,zu,~
~,~,~,prüfen,~
~,~,~,Mag,~
gibt,Warum,-,Wie,Warum
es,gibt,Warum,kann,gibt
in,es,gibt,ich,es
der,in,es,meine,in
App,der,in,Newsletter,der
keinen,App,der,für,App
Wetterbereich,keinen,App,die,keinen
oder,Wetterbereich,keinen,Dauer,Wetterbereich
bin,oder,Wetterbereich,meines,oder
ich,bin,oder,Urlaubes,bin
einfach,ich,bin,abmelden,ich
nur,einfach,ich,Ich,einfach
zu,nur,einfach,finde,nur
dämlich,zu,nur,nur,zu
und,dämlich,zu,die,dämlich
finde,und,dämlich,Möglichkeiten,und
ihn,finde,und,an-,finde
nicht,ihn,finde,und,ihn
-,nicht,ihn,abmelden,nicht
~,~,~,Klären,~
~,~,~,sie,~
~,~,~,mich,~
~,~,~,bitte,~
~,~,~,auf,~
ich,Kann,-,Den,Kann
irgendwo,ich,Kann,Newsletter,ich
meine,irgendwo,ich,können,irgendwo
postings,meine,irgendwo,Sie,meine
einsehen,postings,meine,für,Postillion
-,einsehen,postings,die,einsehen
~,~,~,Dauer,~
~,~,~,Ihres,~
~,~,~,Urlaubes,~
~,~,~,nicht,~
~,~,~,deaktivieren,~
~,~,~,Sie,~
~,~,~,können,~
~,~,~,ihn,~
~,~,~,nur,~
~,~,~,abmelden,~
~,~,~,und,~
~,~,~,nach,~
~,~,~,dem,~
~,~,~,Urlaub,~
~,~,~,wieder,~
~,~,~,anmelden,~
~,~,~,Wir,~
~,~,~,werden,~
~,~,~,aber,~
~,~,~,Ihre,~
~,~,~,Idee,~
~,~,~,gerne,~
~,~,~,weiterleiten,~
~,~,~,Mag,~
app,Die,-,das,Die
bringt,app,Die,war,App
die,bringt,app,früher,bringt
Inhalte,die,bringt,aber,die
gleich,Inhalte,die,möglich,Inhalte
wie,gleich,Inhalte,~,gleich
die,wie,gleich,~,wie
mobile,die,wie,~,die
Seite,mobile,die,~,mobile
Rüber,Seite,mobile,~,Seite
Vorteil,Rüber,Seite,~,Rüber
wäre,Vorteil,Rüber,~,Vorteil
auf,wäre,Vorteil,~,wäre
die,auf,wäre,~,auf
eigenen,die,auf,~,die
Postings,eigenen,die,~,eigenen
zurückgreifen,Postings,eigenen,~,Postings
zu,zurückgreifen,Postings,~,zurückgreifen
können,zu,zurückgreifen,~,zu
-,können,zu,~,können
kann,ich,-,Bitte,ich
über,kann,ich,ich,kann
die,über,kann,möchte,über
App,die,über,keine,die
keine,App,die,Mails,App
ansichtssache,keine,App,mehr,keine
anschauen,ansichtssache,keine,kriegen,Ansichtssache
bsp,anschauen,ansichtssache,Deaktivieren,anschauen
Rezepte,bsp,anschauen,Sie,Bsp
die,Rezepte,bsp,mir,Rezepte
Bilder,die,Rezepte,diese,die
werden,Bilder,die,sich,Bilder
nicht,werden,Bilder,ß,werden
geladen,nicht,werden,Newsletter,nicht
verwende,geladen,nicht,Da,geladen
nexus,verwende,geladen,kenn,verwende
5,nexus,verwende,sich,Nexus
mit,5,nexus,kein,5
Android,mit,5,Schwein,mit
5,Android,mit,aus,Android
1,5,Android,wie,5
1,1,5,Mann,1
-,1,1,das,1
~,~,~,macht,~
~,~,~,Danke,~
~,~,~,und,~
~,~,~,auf,~
~,~,~,niese,~
~,~,~,wiedersehen,~
blöd,Ziemlich,-,wäre,Ziemlich
ist,blöd,Ziemlich,möglich,blöd
ja,ist,blöd,dasselbe,ist
auch,ja,ist,-,ja
dass,auch,ja,nach,auch
die,dass,auch,Themen,dass
APP,die,dass,geteilt,die
keine,APP,die,-,APP
liveticker,keine,APP,auf,keine
unterstützt,liveticker,keine,Witter,verklicker
Hat,unterstützt,liveticker,zu,unterstützt
also,Hat,unterstützt,haben,Hat
noch,also,Hat,~,also
Potenzial,noch,also,~,noch
-,Potenzial,noch,~,Potenzial
finde,<Lob>Ich,-,und,Lobberich
die,finde,<Lob>Ich,sie,finde
App,die,finde,als,die
inzwischen,App,die,Mitarbeiter,App
sehr,inzwischen,App,sind,inzwischen
brauchbar,sehr,inzwischen,natürlich,sehr
Ich,brauchbar,sehr,objektiv,brauchbar
verwende,Ich,brauchbar,~,Ich
sie,verwende,Ich,~,verwende
beinahe,sie,verwende,~,sie
ausschliesslich,beinahe,sie,~,beinahe
</Lob>,ausschliesslich,beinahe,~,ausschließlich
-,</Lob>,ausschliesslich,~,</Lob>
umgesetzt,Bereits,-,Wo,Bereits
wurde,umgesetzt,Bereits,bleibet,umgesetzt
der,wurde,umgesetzt,denn,wurde
Link,der,wurde,nun,der
zu,Link,der,der,Link
den,zu,Link,Immo-Newsletter,zu
Postings,den,zu,des,den
am,Postings,den,Standard,Postings
Ende,am,Postings,-,am
des,Ende,am,Immo,Ende
Artikels,des,Ende,ein,des
und,Artikels,des,Thema,Artikels
der,und,Artikels,das,und
Weg,der,und,fast,der
zurück,Weg,der,jeden,Weg
zum,zurück,Weg,bewegt,zurück
Artikel,zum,zurück,der,zum
-,Artikel,zum,schon,Artikel
~,~,~,wohnt,~
~,~,~,und,~
~,~,~,nicht,~
~,~,~,nur,~
~,~,~,lebt,~
~,~,~,und,~
~,~,~,das,~
~,~,~,sogar,~
~,~,~,den,~
~,~,~,Kurier,~
~,~,~,zur,~
~,~,~,Schaffung,~
~,~,~,seines,~
~,~,~,zumindest,~
~,~,~,in,~
~,~,~,der,~
~,~,~,Vor-web-Ära,~
~,~,~,erfolgreichen,~
~,~,~,ImmoBuch´s,~
~,~,~,veranlasste,~
~,~,~,Immobilienthemen,~
~,~,~,sind,~
~,~,~,Lesestoff,~
~,~,~,für,~
~,~,~,viele,~
~,~,~,und,~
~,~,~,dankenswerterweise,~
~,~,~,auch,~
~,~,~,noch,~
~,~,~,gut,~
~,~,~,aufbereitet,~
~,~,~,im,~
~,~,~,online Standard,~
~,~,~,also,~
~,~,~,wo,~
~,~,~,bleibt,~
~,~,~,er,~
~,~,~,nun,~
der,In,-,Wo,In
App,der,In,bleibet,der
gibt,App,der,denn,App
es,gibt,App,nun,gibt
noch,es,gibt,der,es
keinen,noch,es,Immo-Newsletter,noch
Wetterbereich,keinen,noch,des,keinen
-,Wetterbereich,keinen,Standard,Wetterbereich
~,~,~,-,~
~,~,~,Immo,~
~,~,~,ein,~
~,~,~,Thema,~
~,~,~,das,~
~,~,~,fast,~
~,~,~,jeden,~
~,~,~,bewegt,~
~,~,~,der,~
~,~,~,schon,~
~,~,~,wohnt,~
~,~,~,und,~
~,~,~,nicht,~
~,~,~,nur,~
~,~,~,lebt,~
~,~,~,und,~
~,~,~,das,~
~,~,~,sogar,~
~,~,~,den,~
~,~,~,Kurier,~
~,~,~,zur,~
~,~,~,Schaffung,~
~,~,~,seines,~
~,~,~,zumindest,~
~,~,~,in,~
~,~,~,der,~
~,~,~,Vor-web-Ära,~
~,~,~,erfolgreichen,~
~,~,~,ImmoBuch´s,~
~,~,~,veranlasste,~
~,~,~,Immobilienthemen,~
~,~,~,sind,~
~,~,~,Lesestoff,~
~,~,~,für,~
~,~,~,viele,~
~,~,~,und,~
~,~,~,dankenswerterweise,~
~,~,~,auch,~
~,~,~,noch,~
~,~,~,gut,~
~,~,~,aufbereitet,~
~,~,~,im,~
~,~,~,online Standard,~
~,~,~,also,~
~,~,~,wo,~
~,~,~,bleibt,~
~,~,~,er,~
~,~,~,nun,~
Ihre,Kann,-,Wo,Kann
Beschreibung,Ihre,Kann,bleibet,Ihre
leider,Beschreibung,Ihre,denn,Beschreibung
nicht,leider,Beschreibung,nun,leider
reproduzieren,nicht,leider,der,nicht
Tritt,reproduzieren,nicht,Immo-Newsletter,reproduzieren
das,Tritt,reproduzieren,des,Tritt
Problem,das,Tritt,Standard,das
noch,Problem,das,-,Problem
auf,noch,Problem,Immo,noch
-,auf,noch,ein,auf
~,~,~,Thema,~
~,~,~,das,~
~,~,~,fast,~
~,~,~,jeden,~
~,~,~,bewegt,~
~,~,~,der,~
~,~,~,schon,~
~,~,~,wohnt,~
~,~,~,und,~
~,~,~,nicht,~
~,~,~,nur,~
~,~,~,lebt,~
~,~,~,und,~
~,~,~,das,~
~,~,~,sogar,~
~,~,~,den,~
~,~,~,Kurier,~
~,~,~,zur,~
~,~,~,Schaffung,~
~,~,~,seines,~
~,~,~,zumindest,~
~,~,~,in,~
~,~,~,der,~
~,~,~,Vor-web-Ära,~
~,~,~,erfolgreichen,~
~,~,~,ImmoBuch´s,~
~,~,~,veranlasste,~
~,~,~,Immobilienthemen,~
~,~,~,sind,~
~,~,~,Lesestoff,~
~,~,~,für,~
~,~,~,viele,~
~,~,~,und,~
~,~,~,dankenswerterweise,~
~,~,~,auch,~
~,~,~,noch,~
~,~,~,gut,~
~,~,~,aufbereitet,~
~,~,~,im,~
~,~,~,online Standard,~
~,~,~,also,~
~,~,~,wo,~
~,~,~,bleibt,~
~,~,~,er,~
~,~,~,nun,~
sind,Wir,-,Wo,Wir
gerade,sind,Wir,bleibet,sind
dabei,gerade,sind,denn,gerade
die,dabei,gerade,nun,dabei
mobile,die,dabei,der,die
Version,mobile,die,Immo-Newsletter,mobile
des,Version,mobile,des,Version
Livetickers,des,Version,Standard,des
neu,Livetickers,des,-,Verklicker
zu,neu,Livetickers,Immo,neu
konzipieren,zu,neu,ein,zu
und,konzipieren,zu,Thema,konzipieren
werden,und,konzipieren,das,und
da,werden,und,fast,werden
auch,da,werden,jeden,da
die,auch,da,bewegt,auch
Apps,die,auch,der,die
berücksichtigen,Apps,die,schon,Apps
cmb,berücksichtigen,Apps,wohnt,berücksichtigen
-,cmb,berücksichtigen,und,cm
~,~,~,nicht,~
~,~,~,nur,~
~,~,~,lebt,~
~,~,~,und,~
~,~,~,das,~
~,~,~,sogar,~
~,~,~,den,~
~,~,~,Kurier,~
~,~,~,zur,~
~,~,~,Schaffung,~
~,~,~,seines,~
~,~,~,zumindest,~
~,~,~,in,~
~,~,~,der,~
~,~,~,Vor-web-Ära,~
~,~,~,erfolgreichen,~
~,~,~,ImmoBuch´s,~
~,~,~,veranlasste,~
~,~,~,Immobilienthemen,~
~,~,~,sind,~
~,~,~,Lesestoff,~
~,~,~,für,~
~,~,~,viele,~
~,~,~,und,~
~,~,~,dankenswerterweise,~
~,~,~,auch,~
~,~,~,noch,~
~,~,~,gut,~
~,~,~,aufbereitet,~
~,~,~,im,~
~,~,~,online Standard,~
~,~,~,also,~
~,~,~,wo,~
~,~,~,bleibt,~
~,~,~,er,~
~,~,~,nun,~
ich,Erhalte,-,Wo,Erhalte
einen,ich,Erhalte,bleibet,ich
Zertifikatsfehler,einen,ich,denn,einen
Wie,Zertifikatsfehler,einen,nun,Zertifikatsfehler
vorgehen,Wie,Zertifikatsfehler,der,Wie
Oder,vorgehen,Wie,Immo-Newsletter,vorgehen
liegt,Oder,vorgehen,des,Oder
der,liegt,Oder,Standard,liegt
Fehler,der,liegt,-,der
bei,Fehler,der,Immo,Fehler
Ihnen,bei,Fehler,ein,bei
-,Ihnen,bei,Thema,Ihnen
~,~,~,das,~
~,~,~,fast,~
~,~,~,jeden,~
~,~,~,bewegt,~
~,~,~,der,~
~,~,~,schon,~
~,~,~,wohnt,~
~,~,~,und,~
~,~,~,nicht,~
~,~,~,nur,~
~,~,~,lebt,~
~,~,~,und,~
~,~,~,das,~
~,~,~,sogar,~
~,~,~,den,~
~,~,~,Kurier,~
~,~,~,zur,~
~,~,~,Schaffung,~
~,~,~,seines,~
~,~,~,zumindest,~
~,~,~,in,~
~,~,~,der,~
~,~,~,Vor-web-Ära,~
~,~,~,erfolgreichen,~
~,~,~,ImmoBuch´s,~
~,~,~,veranlasste,~
~,~,~,Immobilienthemen,~
~,~,~,sind,~
~,~,~,Lesestoff,~
~,~,~,für,~
~,~,~,viele,~
~,~,~,und,~
~,~,~,dankenswerterweise,~
~,~,~,auch,~
~,~,~,noch,~
~,~,~,gut,~
~,~,~,aufbereitet,~
~,~,~,im,~
~,~,~,online Standard,~
~,~,~,also,~
~,~,~,wo,~
~,~,~,bleibt,~
~,~,~,er,~
~,~,~,nun,~
komme,Wie,-,Wo,Wie
ich,komme,Wie,bleibet,komme
zu,ich,komme,denn,ich
meiner,zu,ich,nun,zu
postinguebersicht,meiner,zu,der,meiner
-,postinguebersicht,meiner,Immo-Newsletter,postgeschichtlich
~,~,~,des,~
~,~,~,Standard,~
~,~,~,-,~
~,~,~,Immo,~
~,~,~,ein,~
~,~,~,Thema,~
~,~,~,das,~
~,~,~,fast,~
~,~,~,jeden,~
~,~,~,bewegt,~
~,~,~,der,~
~,~,~,schon,~
~,~,~,wohnt,~
~,~,~,und,~
~,~,~,nicht,~
~,~,~,nur,~
~,~,~,lebt,~
~,~,~,und,~
~,~,~,das,~
~,~,~,sogar,~
~,~,~,den,~
~,~,~,Kurier,~
~,~,~,zur,~
~,~,~,Schaffung,~
~,~,~,seines,~
~,~,~,zumindest,~
~,~,~,in,~
~,~,~,der,~
~,~,~,Vor-web-Ära,~
~,~,~,erfolgreichen,~
~,~,~,ImmoBuch´s,~
~,~,~,veranlasste,~
~,~,~,Immobilienthemen,~
~,~,~,sind,~
~,~,~,Lesestoff,~
~,~,~,für,~
~,~,~,viele,~
~,~,~,und,~
~,~,~,dankenswerterweise,~
~,~,~,auch,~
~,~,~,noch,~
~,~,~,gut,~
~,~,~,aufbereitet,~
~,~,~,im,~
~,~,~,online Standard,~
~,~,~,also,~
~,~,~,wo,~
~,~,~,bleibt,~
~,~,~,er,~
~,~,~,nun,~
Postingübersicht,Ihre,-,Wo,Ihre
finden,Postingübersicht,Ihre,bleibet,Postsingübersicht
Sie,finden,Postingübersicht,denn,finden
in,Sie,finden,nun,Sie
Ihrem,in,Sie,der,in
Userprofil,Ihrem,in,Immo-Newsletter,Ihrem
https,Userprofil,Ihrem,des,Uferprofil
//derstandard,https,Userprofil,Standard,http
at/userprofil/,//derstandard,https,-,Rassestandard
dieses,at/userprofil/,//derstandard,Immo,Rauheitsprofil
ist,dieses,at/userprofil/,ein,dieses
allerdings,ist,dieses,Thema,ist
nicht,allerdings,ist,das,allerdings
mobil,nicht,allerdings,fast,nicht
sondern,mobil,nicht,jeden,mobil
nur,sondern,mobil,bewegt,sondern
in,nur,sondern,der,nur
der,in,nur,schon,in
Vollversion,der,in,wohnt,der
verfügbar,Vollversion,der,und,Vollversion
-,verfügbar,Vollversion,nicht,verfügbar
~,~,~,nur,~
~,~,~,lebt,~
~,~,~,und,~
~,~,~,das,~
~,~,~,sogar,~
~,~,~,den,~
~,~,~,Kurier,~
~,~,~,zur,~
~,~,~,Schaffung,~
~,~,~,seines,~
~,~,~,zumindest,~
~,~,~,in,~
~,~,~,der,~
~,~,~,Vor-web-Ära,~
~,~,~,erfolgreichen,~
~,~,~,ImmoBuch´s,~
~,~,~,veranlasste,~
~,~,~,Immobilienthemen,~
~,~,~,sind,~
~,~,~,Lesestoff,~
~,~,~,für,~
~,~,~,viele,~
~,~,~,und,~
~,~,~,dankenswerterweise,~
~,~,~,auch,~
~,~,~,noch,~
~,~,~,gut,~
~,~,~,aufbereitet,~
~,~,~,im,~
~,~,~,online Standard,~
~,~,~,also,~
~,~,~,wo,~
~,~,~,bleibt,~
~,~,~,er,~
~,~,~,nun,~
hab,ha,-,Wo,ha
ich,hab,ha,bleibet,hab
auch,ich,hab,denn,ich
schon,auch,ich,nun,auch
gesucht,schon,auch,der,schon
sollte,gesucht,schon,Immo-Newsletter,gesucht
eindeutig,sollte,gesucht,des,sollte
in,eindeutig,sollte,Standard,eindeutig
der,in,eindeutig,-,in
mobilversion,der,in,Immo,der
auch,mobilversion,der,ein,Mobilversion
verfügbar,auch,mobilversion,Thema,auch
sein,verfügbar,auch,das,verfügbar
bitte,sein,verfügbar,fast,sein
ganz,bitte,sein,jeden,bitte
oben,ganz,bitte,bewegt,ganz
auf,oben,ganz,der,oben
die,auf,oben,schon,auf
to,die,auf,wohnt,die
do-liste,to,die,und,tot
schreiben,do-liste,to,nicht,so-liste
-,schreiben,do-liste,nur,schreiben
~,~,~,lebt,~
~,~,~,und,~
~,~,~,das,~
~,~,~,einst,~
~,~,~,sogar,~
~,~,~,den,~
~,~,~,Kurier,~
~,~,~,zur,~
~,~,~,Schaffung,~
~,~,~,seines,~
~,~,~,zumindest,~
~,~,~,in,~
~,~,~,der,~
~,~,~,Vor-web-Ära,~
~,~,~,erfolgreichen,~
~,~,~,ImmoBuch´s,~
~,~,~,veranlasste,~
~,~,~,Immobilienthemen,~
~,~,~,sind,~
~,~,~,Lesestoff,~
~,~,~,für,~
~,~,~,viele,~
~,~,~,und,~
~,~,~,dankenswerterweise,~
~,~,~,auch,~
~,~,~,noch,~
~,~,~,gut,~
~,~,~,aufbereitet,~
~,~,~,im,~
~,~,~,online Standard,~
~,~,~,also,~
~,~,~,wo,~
~,~,~,bleibt,~
~,~,~,er,~
~,~,~,nun,~
~,~,~,also,~
mich,Freut,-,die,Freut
sehr,mich,Freut,Frequenz,mich
-,sehr,mich,der,sehr
~,~,~,a-mails,~
~,~,~,so,~
~,~,~,drastisch,~
~,~,~,zu,~
~,~,~,erhöhen,~
~,~,~,wenn,~
~,~,~,jede,~
~,~,~,Nebensächlichkeit,~
~,~,~,-,~
~,~,~,UNESCO,~
~,~,~,streicht,~
~,~,~,den,~
~,~,~,wer,~
~,~,~,ball,~
~,~,~,aus,~
~,~,~,dem,~
~,~,~,weltkulturerbe,~
~,~,~,oh,~
~,~,~,wie,~
~,~,~,weltbewegend,~
~,~,~,-,~
~,~,~,plötzlich,~
~,~,~,zu,~
~,~,~,einer,~
~,~,~,wichtigen,~
~,~,~,alert-nachricht,~
~,~,~,wird,~
~,~,~,wird,~
~,~,~,daraus,~
~,~,~,letztendlich,~
~,~,~,nur,~
~,~,~,mehr,~
~,~,~,belangloses,~
~,~,~,rauschen,~
~,~,~,bisher,~
~,~,~,gab's,~
~,~,~,max.,~
~,~,~,1x,~
~,~,~,pro,~
~,~,~,Monat,~
~,~,~,entsprechende,~
~,~,~,Mails,~
~,~,~,die,~
~,~,~,es,~
~,~,~,auch,~
~,~,~,immer,~
~,~,~,wert,~
~,~,~,waren,~
~,~,~,bevorzugt,~
~,~,~,gelesen,~
~,~,~,zu,~
~,~,~,werden,~
~,~,~,seit,~
~,~,~,Anfang,~
~,~,~,des,~
~,~,~,Jahres,~
~,~,~,kommt,~
~,~,~,so,~
~,~,~,eine,~
~,~,~,Mail,~
~,~,~,bis,~
~,~,~,zu,~
~,~,~,2x,~
~,~,~,täglich,~
~,~,~,und,~
~,~,~,gerade,~
~,~,~,die,~
~,~,~,nächste,~
~,~,~,Rick,~
~,~,~,Petry,~
~,~,~,gibt,~
~,~,~,auf,~
~,~,~,-,~
~,~,~,schon,~
~,~,~,besser,~
~,~,~,aber,~
~,~,~,immer,~
~,~,~,noch,~
~,~,~,nix,~
~,~,~,was,~
~,~,~,erhöhte,~
~,~,~,Aufmerksamkeit,~
~,~,~,erfordern,~
~,~,~,würde,~
~,~,~,ergo,~
~,~,~,blendet,~
~,~,~,man,~
~,~,~,es,~
~,~,~,irgendwann,~
~,~,~,aus,~
~,~,~,oder,~
~,~,~,meldet,~
~,~,~,es,~
~,~,~,besser,~
~,~,~,gleich,~
~,~,~,ab,~
wirklich,Ist,-,meine,Ist
ärgerlich,wirklich,Ist,Hostings,wirklich
-,ärgerlich,wirklich,werden,ärgerlich
~,~,~,auch,~
~,~,~,nicht,~
~,~,~,alle,~
~,~,~,freigeschalten,~
~,~,~,und,~
~,~,~,zumeist,~
~,~,~,zurückgehalten,~
~,~,~,ich,~
~,~,~,pfeif,~
~,~,~,auf,~
~,~,~,eure,~
~,~,~,MEINUNG,~
~,~,~,ZUR,~
~,~,~,MEINUGSFREIHEIT,~
kann,Wie,-,ist,Wie
ich,kann,Wie,dieser,kann
die,ich,kann,Newsletter Service,ich
push,die,ich,-,die
Meldungen,push,die,und,pushe
deaktivieren,Meldungen,push,deshalb,Meldungen
-,deaktivieren,Meldungen,wird,deaktivieren
~,~,~,er,~
~,~,~,von,~
~,~,~,mir,~
~,~,~,gerne,~
~,~,~,weiterempfohlen,~
~,~,~,die,~
~,~,~,printausgabe,~
~,~,~,kommt,~
~,~,~,jedoch,~
~,~,~,keineswegs,~
~,~,~,zu,~
~,~,~,kurz,~
~,~,~,der,~
~,~,~,Standard,~
~,~,~,-,~
~,~,~,die,~
~,~,~,von,~
~,~,~,mir,~
~,~,~,bevorzugte,~
~,~,~,Tageszeitung,~
~,~,~,in,~
~,~,~,Österreich,~
Sie,Wenn,-,Ja,Wenn
Push-Mitteilungen,Sie,Wenn,unglaublich,Sie
über,Push-Mitteilungen,Sie,lästig,Bush-Mitteilungen
Ihren,über,Push-Mitteilungen,Hab,über
Browser,Ihren,über,mich,Ihren
nutzen,Browser,Ihren,auch,Browser
wechseln,nutzen,Browser,gerade,nutzen
Sie,wechseln,nutzen,abgemeldet,wechseln
bitte,Sie,wechseln,~,Sie
in,bitte,Sie,~,bitte
die,in,bitte,~,in
Einstellungen,die,in,~,die
wählen,Einstellungen,die,~,Einstellungen
dort,wählen,Einstellungen,~,wählen
Inhalt,dort,wählen,~,dort
aus,Inhalt,dort,~,Inhalt
und,aus,Inhalt,~,aus
gelangen,und,aus,~,und
so,gelangen,und,~,gelangen
zu,so,gelangen,~,so
den,zu,so,~,zu
speziellen,den,zu,~,den
Einstellungen,speziellen,den,~,speziellen
für,Einstellungen,speziellen,~,Einstellungen
Benachrichtigungen,für,Einstellungen,~,für
Dort,Benachrichtigungen,für,~,Benachrichtigungen
können,Dort,Benachrichtigungen,~,Dort
Sie,können,Dort,~,können
in,Sie,können,~,Sie
Firefox,in,Sie,~,in
etwa,Firefox,in,~,Firefox
alle,etwa,Firefox,~,etwa
Benachrichtigungen,alle,etwa,~,alle
deaktivieren,Benachrichtigungen,alle,~,Benachrichtigungen
Mich,deaktivieren,Benachrichtigungen,~,deaktivieren
nicht,Mich,deaktivieren,~,Mich
stören,nicht,Mich,~,nicht
auswählen,stören,nicht,~,stören
oder,auswählen,stören,~,auswählen
die,oder,auswählen,~,oder
Website,die,oder,~,die
derStandard,Website,die,~,Website
at,derStandard,Website,~,der Standard
für,at,derStandard,~,AT
Benachrichtigungen,für,at,~,für
ganz,Benachrichtigungen,für,~,Benachrichtigungen
entfernen,ganz,Benachrichtigungen,~,ganz
Eine,entfernen,ganz,~,entfernen
ausführlichere,Eine,entfernen,~,Eine
Beschreibung,ausführlichere,Eine,~,ausführlichere
des,Beschreibung,ausführlichere,~,Beschreibung
Push-Mitteilung-Service,des,Beschreibung,~,des
mit,Push-Mitteilung-Service,des,~,Bush-Mitteilung-Service
Screenshots,mit,Push-Mitteilung-Service,~,mit
finden,Screenshots,mit,~,Screenshots
Sie,finden,Screenshots,~,finden
hier,Sie,finden,~,Sie
http,hier,Sie,~,hier
//derstandard,http,hier,~,http
at/2000030642258/Eiltmeldungen-und-wichtige-Ereignisse-als-Push-Mitteilung-von-derStandardat,//derstandard,http,~,Rassestandard
-,at/2000030642258/Eiltmeldungen-und-wichtige-Ereignisse-als-Push-Mitteilung-von-derStandardat,//derstandard,~,at/2000030642258/Eiltmeldungen-und-wichtige-Ereignisse-als-Push-Mitteilung-von-derStandardat
größte,Die,-,Versuche,Die
Herausforderung,größte,Die,verzweifelt,größte
war,Herausforderung,größte,meine,Herausforderung
das,war,Herausforderung,Telefonnummer,war
Reißbrett,das,war,richtig,das
in,Reißbrett,das,einzugeben,Reißbrett
Geometrisch,in,Reißbrett,zu,in
Zeichnen,Geometrisch,in,Schweiz,Geometrisch
für,Zeichnen,Geometrisch,=,Zeichnen
Linkshänder,für,Zeichnen,0041218071012,für
total,Linkshänder,für,oder,Linkshänder
unbrauchbar,total,Linkshänder,+41418071012,total
und,unbrauchbar,total,oder,unbrauchbar
meine,und,unbrauchbar,in,und
4,meine,und,der,meine
war,4,meine,Annahme,4
noch,war,4,dass,war
geschenkt,noch,war,Sie,noch
-,geschenkt,noch,die,geschenkt
~,~,~,Ländervorwahl,~
~,~,~,aufgrund,~
~,~,~,meines,~
~,~,~,Standortes,~
~,~,~,automatisch,~
~,~,~,da zufügen,~
~,~,~,=,~
~,~,~,0218071012,~
~,~,~,Habe,~
~,~,~,auch,~
~,~,~,alle,~
~,~,~,Kommentare,~
~,~,~,gelesen,~
~,~,~,So,~
~,~,~,gut,~
~,~,~,Ihre,~
~,~,~,Zeitung,~
~,~,~,ist,~
~,~,~,so,~
~,~,~,wünschenswert,~
~,~,~,wäre,~
~,~,~,eine,~
~,~,~,Vereinfachung,~
~,~,~,solcher,~
~,~,~,Prozedere,~
~,~,~,Vielen,~
~,~,~,Dank,~
ja,Oh,-,Im,Oh
bitte,ja,Oh,Telefonnummer-Feld,ja
ein,bitte,ja,sehen,bitte
Kultur-Newsletter,ein,bitte,Sie,ein
wäre,Kultur-Newsletter,ein,wie,Kultur-Newsletter
echt,wäre,Kultur-Newsletter,die,wäre
super,echt,wäre,Nummer,echt
Kann,super,echt,einzugeben,super
mich,Kann,super,ist,Kann
da,mich,Kann,-,mich
nur,da,mich,nämlich,da
anschliessen,nur,da,Vorwahl/Rufnummer,nur
-,anschliessen,nur,d,anschließen
~,~,~,h,~
~,~,~,mit,~
~,~,~,einem,~
~,~,~,Schrägstrich,~
Grüße,Beste,-,zwei,Beste
an,Grüße,Beste,Jahre,Grüße
alle,an,Grüße,später,an
Mit-Lefties,alle,an,~,alle
dieser,Mit-Lefties,alle,~,Mit-Softies
Erde,dieser,Mit-Lefties,~,dieser
und,Erde,dieser,~,Erde
auch,und,Erde,~,und
Nicht-Erde,auch,und,~,auch
Erfahrungen,Nicht-Erde,auch,~,Nicht-Erde
#,Erfahrungen,Nicht-Erde,~,Erfahrungen
wirkliche,#,Erfahrungen,~,#
Probleme,wirkliche,#,~,wirkliche
sehr,Probleme,wirkliche,~,Probleme
eindrücklich,sehr,Probleme,~,sehr
als,eindrücklich,sehr,~,eindrücklich
Kind,als,eindrücklich,~,als
zB,Kind,als,~,Kind
beim,zB,Kind,~,dB
Werken/Basteln,beim,zB,~,beim
haben,Werken/Basteln,beim,~,Bewerkstelligen
mir,haben,Werken/Basteln,~,haben
immer,mir,haben,~,mir
bestimmte,immer,mir,~,immer
Scheren,bestimmte,immer,~,bestimmte
gemacht,Scheren,bestimmte,~,Scheren
die,gemacht,Scheren,~,gemacht
z,die,gemacht,~,die
B,z,die,~,z
dann,B,z,~,B
total,dann,B,~,dann
in,total,dann,~,total
der,in,total,~,in
Hand,der,in,~,der
weh,Hand,der,~,Hand
tun,weh,Hand,~,weh
wenn,tun,weh,~,tun
links,wenn,tun,~,wenn
gehalten,links,wenn,~,links
oder,gehalten,links,~,gehalten
einfach,oder,gehalten,~,oder
eher,einfach,oder,~,einfach
reißen,eher,einfach,~,eher
als,reißen,eher,~,reißen
schneiden,als,reißen,~,als
#,schneiden,als,~,schneiden
das,#,schneiden,~,#
eindrücklichste,das,#,~,das
Erlebnis,eindrücklichste,das,~,eindrücklichste
ist,Erlebnis,eindrücklichste,~,Erlebnis
ein,ist,Erlebnis,~,ist
paar,ein,ist,~,ein
Jahre,paar,ein,~,paar
her,Jahre,paar,~,Jahre
in,her,Jahre,~,her
einer,in,her,~,in
Café-Lokation,einer,in,~,einer
auf,Café-Lokation,einer,~,Café-Lokution
der,auf,Café-Lokation,~,auf
Wiener,der,auf,~,der
Währinger,Wiener,der,~,Wiener
Straße,Währinger,Wiener,~,Währinger
wurde,Straße,Währinger,~,Straße
mir,wurde,Straße,~,wurde
meine,mir,wurde,~,mir
Melange,meine,mir,~,meine
in,Melange,meine,~,Melange
einer,in,Melange,~,in
Tasse,einer,in,~,einer
serviert,Tasse,einer,~,Tasse
deren,serviert,Tasse,~,serviert
ergonomisch,deren,serviert,~,deren
schiefer/geschwungener,ergonomisch,deren,~,ergonomisch
Griff,schiefer/geschwungener,ergonomisch,~,hinuntergeschwungen
für,Griff,schiefer/geschwungener,~,Griff
eine,für,Griff,~,für
rechte,eine,für,~,eine
Hand,rechte,eine,~,rechte
wohl,Hand,rechte,~,Hand
sehr,wohl,Hand,~,wohl
gut,sehr,wohl,~,sehr
passt,gut,sehr,~,gut
-,passt,gut,~,passt
mit,-,passt,~,-
der,mit,-,~,mit
linken,der,mit,~,der
Hand,linken,der,~,linken
kann,Hand,linken,~,Hand
man,kann,Hand,~,kann
das,man,kann,~,man
Häferl,das,man,~,das
dadurch,Häferl,das,~,Schäfer
aber,dadurch,Häferl,~,dadurch
praktisch,aber,dadurch,~,aber
kaum,praktisch,aber,~,praktisch
halten,kaum,praktisch,~,kaum
#,halten,kaum,~,halten
beim,#,halten,~,#
Sporteln,beim,#,~,beim
war,Sporteln,beim,~,Sporteln
mein,war,Sporteln,~,war
Lefty-tum,mein,war,~,mein
glaub,Lefty-tum,mein,~,Lefty-tum
ich,glaub,Lefty-tum,~,glaub
immer,ich,glaub,~,ich
nur,immer,ich,~,immer
ein,nur,immer,~,nur
Vorteil,ein,nur,~,ein
-,Vorteil,ein,~,Vorteil
-,-,Vorteil,~,-
-,-,-,~,-
diese,Eben,-,Ja,Eben
Erfahrung,diese,Eben,leider,diese
wollte,Erfahrung,diese,Wir,Erfahrung
ich,wollte,Erfahrung,beheben,wollte
auch,ich,wollte,das,ich
teilen,auch,ich,nicht,auch
Diese,teilen,auch,mehr,teilen
herrlich,Diese,teilen,in,Diese
geschwungenen,herrlich,Diese,der,herrlich
Tassen,geschwungenen,herrlich,alten,geschwungenen
fühlen,Tassen,geschwungenen,Infrastruktur,Tassen
zu,fühlen,Tassen,deshalb,fühlen
einem,zu,fühlen,dauert,zu
sehr,einem,zu,das,einem
leichten,sehr,einem,so,sehr
Gefühl,leichten,sehr,lange,leichten
des,Gefühl,leichten,Abhilfe,Gefühl
Menschseins,des,Gefühl,wird,des
2,Menschseins,des,das,Menschseins
Klasse,2,Menschseins,neue,2
-,Klasse,2,Notifikation,Klasse
vor,-,Klasse,Center,-
allem,vor,-,schaffen,vor
deshalb,allem,vor,http,allem
weil,deshalb,allem,der Standard,deshalb
es,weil,deshalb,atz,weil
wohl,es,weil,Artikel Index,es
nie,wohl,es,~,wohl
passieren,nie,wohl,~,nie
wird,passieren,nie,~,passieren
dass,wird,passieren,~,wird
der,dass,wird,~,dass
Kellner,der,dass,~,der
bei,Kellner,der,~,Kellner
Aufnahme,bei,Kellner,~,bei
der,Aufnahme,bei,~,Aufnahme
Bestellung,der,Aufnahme,~,der
nachfragt,Bestellung,der,~,Bestellung
Links-,nachfragt,Bestellung,~,nachfragt
oder,Links-,nachfragt,~,Links-
Rechtshänder,oder,Links-,~,oder
#,Rechtshänder,oder,~,Rechtshänder
Klavierspielen,#,Rechtshänder,~,#
Erschien,Klavierspielen,#,~,Klavierspielen
mir,Erschien,Klavierspielen,~,Erschien
relativ,mir,Erschien,~,mir
aufwändig,relativ,mir,~,relativ
ein,aufwändig,relativ,~,aufwändig
gespiegeltes,ein,aufwändig,~,ein
Klavier,gespiegeltes,ein,~,gespiegeltes
anfertigen,Klavier,gespiegeltes,~,Klavier
zu,anfertigen,Klavier,~,anfertigen
lassen,zu,anfertigen,~,zu
allerdings,lassen,zu,~,lassen
macht,allerdings,lassen,~,allerdings
das,macht,allerdings,~,macht
nichts,das,macht,~,das
weil,nichts,das,~,nichts
durchs,weil,nichts,~,weil
Linkshändersein,durchs,weil,~,durchs
ein,Linkshändersein,durchs,~,Linkshänder sein
etwas,ein,Linkshändersein,~,ein
anderer,etwas,ein,~,etwas
Stil,anderer,etwas,~,anderer
entsteht,Stil,anderer,~,Stil
-,entsteht,Stil,~,entsteht
bild,-,entsteht,~,-
ich,bild,-,~,Bild
mir,ich,bild,~,ich
zumindest,mir,ich,~,mir
ein,zumindest,mir,~,zumindest
-,ein,zumindest,~,ein
ich,Also,-,Wahrscheinlich,Also
schreib,ich,Also,eh,ich
von,schreib,ich,besser,schreib
rechts,von,schreib,so,von
nach,rechts,von,Lieber,rechts
links,nach,rechts,Zeit,nach
da,links,nach,lassen,links
sind,da,links,und,da
die,sind,da,gescheit,sind
Handbewegungen,die,sind,machen,die
schön,Handbewegungen,die,~,Handbewegungen
flüssig,schön,Handbewegungen,~,schön
Ausser,flüssig,schön,~,flüssig
wenn's,Ausser,flüssig,~,Aussee
für,wenn's,Ausser,~,Wendens
andere,für,wenn's,~,für
ist,andere,für,~,andere
dann,ist,andere,~,ist
nehm',dann,ist,~,dann
ich,nehm',dann,~,nehme
aber,ich,nehm',~,ich
gleich,aber,ich,~,aber
die,gleich,aber,~,gleich
rechte,die,gleich,~,die
Hand,rechte,die,~,rechte
Und,Hand,rechte,~,Hand
am,Und,Hand,~,Und
Computer,am,Und,~,am
hätte,Computer,am,~,Computer
ich,hätte,Computer,~,hätte
gern,ich,hätte,~,ich
dass,gern,ich,~,gern
man,dass,gern,~,dass
den,man,dass,~,man
Bildschirm,den,man,~,den
spiegeln,Bildschirm,den,~,Bildschirm
kann,spiegeln,Bildschirm,~,spiegeln
mit,kann,spiegeln,~,kann
dem,mit,kann,~,mit
Rotieren,dem,mit,~,dem
bekommt,Rotieren,dem,~,Rotieren
man,bekommt,Rotieren,~,bekommt
zwar,man,bekommt,~,man
auch,zwar,man,~,zwar
eine,auch,zwar,~,auch
Schriftbewegung,eine,auch,~,eine
von,Schriftbewegung,eine,~,Schriftbewegung
rechts,von,Schriftbewegung,~,von
nach,rechts,von,~,rechts
links,nach,rechts,~,nach
aber,links,nach,~,links
die,aber,links,~,aber
Buchstaben,die,aber,~,die
und,Buchstaben,die,~,Buchstaben
Bilder,und,Buchstaben,~,und
stehen,Bilder,und,~,Bilder
dann,stehen,Bilder,~,stehen
Kopf,dann,stehen,~,dann
-,Kopf,dann,~,Kopf
liebe,Ich,-,konnte,Ich
es,liebe,Ich,aber,liebe
-,es,liebe,noch,es
da,-,es,nie,-
ich,da,-,ein,da
glaube,ich,da,Hosting,ich
das,glaube,ich,absetzen,glaube
es,das,glaube,Weiß,das
gewissenmaßen,es,das,nicht,es
das,gewissenmaßen,es,warum,gewissermaßen
Gehirn,das,gewissenmaßen,an,das
anregt,Gehirn,das,der,Gehirn
Ich,anregt,Gehirn,Form,anregt
halte,Ich,anregt,kann,Ich
z,halte,Ich,es,halte
B,z,halte,nicht,z
die,B,z,gelegen,B
Gabel,die,B,sein,die
und,Gabel,die,War,Gabel
den,und,Gabel,weder,und
Löffel,den,und,flegelhaft,den
in,Löffel,den,noch,Löffel
der,in,Löffel,sonst,in
linken,der,in,verletzend,der
Hand,linken,der,immer,linken
das,Hand,linken,zum,Hand
Messer,das,Hand,Thema,das
in,Messer,das,gepostet,Messer
der,in,Messer,Werden,in
Rechte,der,in,gewisse,der
D,Rechte,der,IP-Adressen,Rechte
h,D,Rechte,gefiltert,D
ich,h,D,Den,h
habe,ich,h,Newsletter,ich
als,habe,ich,bekomme,habe
Kind,als,habe,ich,als
schneller,Kind,als,zwar,Kind
besser,schneller,Kind,regelmäßig,schneller
Essen,besser,schneller,~,besser
gelernt,Essen,besser,~,Essen
da,gelernt,Essen,~,gelernt
eine,da,gelernt,~,da
Hand,eine,da,~,eine
die,Hand,eine,~,Hand
Bewegung,die,Hand,~,die
zum,Bewegung,die,~,Bewegung
Mund,zum,Bewegung,~,zum
beherrschte,Mund,zum,~,Mund
die,beherrschte,Mund,~,beherrschte
andere,die,beherrschte,~,die
das,andere,die,~,andere
Schneiden,das,andere,~,das
mit,Schneiden,das,~,Schneiden
dem,mit,Schneiden,~,mit
Messer,dem,mit,~,dem
Ich,Messer,dem,~,Messer
verstehe,Ich,Messer,~,Ich
bis,verstehe,Ich,~,verstehe
heute,bis,verstehe,~,bis
nicht,heute,bis,~,heute
warum,nicht,heute,~,nicht
die,warum,nicht,~,warum
Rechtshänder,die,warum,~,die
wechseln,Rechtshänder,die,~,Rechtshänder
Ich,wechseln,Rechtshänder,~,wechseln
lache,Ich,wechseln,~,Ich
mich,lache,Ich,~,lache
innerlich,mich,lache,~,mich
immer,innerlich,mich,~,innerlich
krumm,immer,innerlich,~,immer
wenn,krumm,immer,~,krumm
ich,wenn,krumm,~,wenn
manche,ich,wenn,~,ich
amerikanischen,manche,ich,~,manche
Kollegen,amerikanischen,manche,~,amerikanischen
beim,Kollegen,amerikanischen,~,Kollegen
Essen,beim,Kollegen,~,beim
treffe,Essen,beim,~,Essen
die,treffe,Essen,~,treffe
mühsam,die,treffe,~,die
das,mühsam,die,~,mühsam
Essen,das,mühsam,~,das
kleinschneiden,Essen,das,~,Essen
um,kleinschneiden,Essen,~,kleinschneiden
dann,um,kleinschneiden,~,um
die,dann,um,~,dann
Gabel,die,dann,~,die
ohne,Gabel,die,~,Gabel
Messer,ohne,Gabel,~,ohne
von,Messer,ohne,~,Messer
Links,von,Messer,~,von
nacht,Links,von,~,Links
Rechts,nacht,Links,~,Nacht
wechseln,Rechts,nacht,~,Rechts
Ansonsten,wechseln,Rechts,~,wechseln
fördert,Ansonsten,wechseln,~,Ansonsten
es,fördert,Ansonsten,~,fördert
meiner,es,fördert,~,es
Meinung,meiner,es,~,meiner
die,Meinung,meiner,~,Meinung
Kreativität,die,Meinung,~,die
und,Kreativität,die,~,Kreativität
Flexibiltät,und,Kreativität,~,und
ungemein,Flexibiltät,und,~,Flexibilität
-,ungemein,Flexibiltät,~,ungemein
habe,Klavier,-,Gibt,Klavier
ich,habe,Klavier,es,habe
gelernt,ich,habe,auch,ich
naturgemäß,gelernt,ich,einen,gelernt
ein,naturgemäß,gelernt,Newsletter,naturgemäß
wenig,ein,naturgemäß,für,ein
mühsam,wenig,ein,den,wenig
Die,mühsam,wenig,Bereich,mühsam
Gitarre,Die,mühsam,Wissenschaft,Die
ist,Gitarre,Die,und,Gitarre
auf,ist,Gitarre,Forschung,ist
Links,auf,ist,~,auf
gepannt,Links,auf,~,Links
Auf,gepannt,Links,~,gespannt
dem,Auf,gepannt,~,Auf
Snowboard,dem,Auf,~,dem
stehe,Snowboard,dem,~,Snowboard
ich,stehe,Snowboard,~,stehe
goofy,ich,stehe,~,ich
Tippen,goofy,ich,~,googel
auf,Tippen,goofy,~,Tippen
dem,auf,Tippen,~,auf
Smartphone,dem,auf,~,dem
Ziffernblock,Smartphone,dem,~,Smartphone
nur,Ziffernblock,Smartphone,~,Ziffernblock
mit,nur,Ziffernblock,~,nur
Rechts,mit,nur,~,mit
-,Rechts,mit,~,Rechts
Dafür,-,Rechts,~,-
kann,Dafür,-,~,Dafür
ich,kann,Dafür,~,kann
rechts,ich,kann,~,ich
auch,rechts,ich,~,rechts
schreiben,auch,rechts,~,auch
sieht,schreiben,auch,~,schreiben
aber,sieht,schreiben,~,sieht
wie,aber,sieht,~,aber
3,wie,aber,~,wie
Klasse,3,wie,~,3
Volksshule,Klasse,3,~,Klasse
aus,Volksshule,Klasse,~,Volksschule
-,aus,Volksshule,~,aus
schreiben,also,-,Es,also
und,schreiben,also,gibt,schreiben
seltsamerweise,und,schreiben,keinen,und
zähne,seltsamerweise,und,eigenen,seltsamerweise
putzen,zähne,seltsamerweise,Newsletter,zähne
obwohl,putzen,zähne,für,putzen
die,obwohl,putzen,Wissenschaft,obwohl
zahnbürste,die,obwohl,und,die
ja,zahnbürste,die,Forschung,Zahnbürste
gar,ja,zahnbürste,Sie,ja
kein,gar,ja,finden,gar
spezifisch,kein,gar,aber,kein
rechter,spezifisch,kein,Meldungen,spezifisch
gegenstand,rechter,spezifisch,aus,rechter
ist,gegenstand,rechter,diesem,gegen stand
tu,ist,gegenstand,Themenbereich,ist
ich,tu,ist,im,tu
mit,ich,tu,täglichen,ich
der,mit,ich,D-Mail,mit
rechten,der,mit,Newsroom,der
hand,rechten,der,bzw.,rechten
alles,hand,rechten,im,Hand
andere,alles,hand,wöchentlichen,alles
mit,andere,alles,W-Mail,andere
der,mit,andere,Alternativ,mit
linken,der,mit,könnten,der
lustig,linken,der,Sie,linken
sieht,lustig,linken,mit,lustig
das,sieht,lustig,dem,sieht
aus,das,sieht,Browser,das
wenn,aus,das,oder,aus
ich,wenn,aus,Feed Reader,wenn
vor,ich,wenn,Ihres,ich
einem,vor,ich,Vertrauens,vor
flipchart,einem,vor,den,einem
oder,flipchart,einem,RSS-Feed,Flipchart
einer,oder,flipchart,des,oder
tafel,einer,oder,Wissenschaftsressorts,einer
stehe,tafel,einer,nützen,tafel
habe,stehe,tafel,~,stehe
zwei,habe,stehe,~,habe
stifte,zwei,habe,~,zwei
mit,stifte,zwei,~,stifte
der,mit,stifte,~,mit
linken,der,mit,~,der
hand,linken,der,~,linken
zeichne,hand,linken,~,Hand
ich,zeichne,hand,~,zeichne
was,ich,zeichne,~,ich
auf,was,ich,~,was
mit,auf,was,~,auf
der,mit,auf,~,mit
rechten,der,mit,~,der
schreibe,rechten,der,~,rechten
und,schreibe,rechten,~,schreibe
beschrifte,und,schreibe,~,und
ich,beschrifte,und,~,beschrifte
-,ich,beschrifte,~,ich
-,-,ich,~,-
Sachen,Andere,-,ich,Andere
etwa,Sachen,Andere,kann,Sachen
Scheren,etwa,Sachen,keinen,etwa
oder,Scheren,etwa,Hinweis,Scheren
mit,oder,Scheren,finden,oder
dem,mit,oder,wo,mit
Löffel,dem,mit,man,dem
essen,Löffel,dem,sich,Löffel
gehen,essen,Löffel,hinwenden,essen
nur,gehen,essen,muss,gehen
links,nur,gehen,sollte,nur
Ich,links,nur,man,links
kann,Ich,links,als,Ich
nicht,kann,Ich,Abonnent,kann
stricken/häkeln,nicht,kann,des,nicht
weil,stricken/häkeln,nicht,Standard,Strichdicken
noch,weil,stricken/häkeln,die,weil
1988,noch,weil,Zeitung,noch
die,1988,noch,nicht,1988
Volksschulhandarbeitslehrerin,die,1988,bekommt,die
eine,Volksschulhandarbeitslehrerin,die,ist,Volksschulhandarbeitslehrerin
selten,eine,Volksschulhandarbeitslehrerin,dass,eine
blöde,selten,eine,bewusst,selten
Kuh,blöde,selten,so,blöde
sich,Kuh,blöde,arrangiert,Kuh
geweigert,sich,Kuh,~,sich
hat,geweigert,sich,~,geweigert
mir,hat,geweigert,~,hat
das,mir,hat,~,mir
falsch,das,mir,~,das
rum,falsch,das,~,falsch
beizubringen,rum,falsch,~,Rum
Eine,beizubringen,rum,~,beizubringen
der,Eine,beizubringen,~,Eine
wenigen,der,Eine,~,der
Gelegenheiten,wenigen,der,~,wenigen
bei,Gelegenheiten,wenigen,~,Gelegenheiten
denen,bei,Gelegenheiten,~,bei
meine,denen,bei,~,denen
sanftmütige,meine,denen,~,meine
Mutter,sanftmütige,meine,~,sanftmütige
jemandem,Mutter,sanftmütige,~,Mutter
den,jemandem,Mutter,~,jemandem
Marsch,den,jemandem,~,den
geblasen,Marsch,den,~,Marsch
hat,geblasen,Marsch,~,geblasen
Da,hat,geblasen,~,hat
sie,Da,hat,~,Da
in,sie,Da,~,sie
den,in,sie,~,in
1950ern,den,in,~,den
noch,1950ern,den,~,1950ern
mit,noch,1950ern,~,noch
Gewalt,mit,noch,~,mit
umerzogen,Gewalt,mit,~,Gewalt
wurde,umerzogen,Gewalt,~,umerzogen
ist,wurde,umerzogen,~,wurde
sie,ist,wurde,~,ist
beim,sie,ist,~,sie
falschen,beim,sie,~,beim
Handi,falschen,beim,~,falschen
schwer,Handi,falschen,~,Hand
sensibel,schwer,Handi,~,schwer
Und,sensibel,schwer,~,sensibel
ich,Und,sensibel,~,Und
auch,ich,Und,~,ich
So,auch,ich,~,auch
ein,So,auch,~,So
Rechtshänderhäferl,ein,So,~,ein
kriegert,Rechtshänderhäferl,ein,~,Rechtshänder
der,kriegert,Rechtshänderhäferl,~,Krieger
Kellner,der,kriegert,~,der
zurück,Kellner,der,~,Kellner
geschmissen,zurück,Kellner,~,zurück
Ich,geschmissen,zurück,~,geschmissen
bin,Ich,geschmissen,~,Ich
aber,bin,Ich,~,bin
froh,aber,bin,~,aber
dass,froh,aber,~,froh
meine,dass,froh,~,dass
Töchter,meine,dass,~,meine
Rechtshänder,Töchter,meine,~,Töchter
sind,Rechtshänder,Töchter,~,Rechtshänder
Sie,sind,Rechtshänder,~,sind
werden,Sie,sind,~,Sie
leichter,werden,Sie,~,werden
schreiben,leichter,werden,~,leichter
lernen,schreiben,leichter,~,schreiben
tun,lernen,schreiben,~,lernen
sich,tun,lernen,~,tun
beim,sich,tun,~,sich
Basteln,beim,sich,~,beim
nicht,Basteln,beim,~,Basteln
schwer,nicht,Basteln,~,nicht
werden,schwer,nicht,~,schwer
nie,werden,schwer,~,werden
teurere,nie,werden,~,nie
Extraanfertigungen,teurere,nie,~,teurere
brauchen,Extraanfertigungen,teurere,~,Extraanfertigungen
So,brauchen,Extraanfertigungen,~,brauchen
gern,So,brauchen,~,So
ich,gern,So,~,gern
speziell,ich,gern,~,ich
bin,speziell,ich,~,speziell
manchmal,bin,speziell,~,bin
ist,manchmal,bin,~,manchmal
es,ist,manchmal,~,ist
mühsamer,es,ist,~,es
-,mühsamer,es,~,mühsamer
der,mit,-,Hier,mit
Linkshändigkeit,der,mit,finden,der
zu,Linkshändigkeit,der,Sie,Linkshändigkeit
tun,zu,Linkshändigkeit,unsere,zu
-,tun,zu,wichtigsten,tun
~,~,~,Kontakte,~
~,~,~,http,~
~,~,~,der Standard,~
~,~,~,atz,~
~,~,~,Combo,~
Klingen,der,-,Sehr,der
Und,Klingen,der,geehrte,Klingen
präzises,Und,Klingen,Community,Und
Schneiden,präzises,Und,oder,präzises
mit,Schneiden,präzises,Combo,Schneiden
einer,mit,Schneiden,Bekomme,mit
Rechtshändrschere,einer,mit,seit,einer
auf,Rechtshändrschere,einer,einigen,Rechtshänder
links,auf,Rechtshändrschere,Tagen,auf
sollte,links,auf,unaufgefordert,links
auch,sollte,links,Antworten,sollte
schwierig,auch,sollte,auf,auch
sein,schwierig,auch,meine,schwierig
weil,sein,schwierig,Mail-Adresse,sein
die,weil,sein,zu,weil
Schnittkante,die,weil,meinen,die
von,Schnittkante,die,Hostings,Schnittkante
der,von,Schnittkante,die,von
oberen,der,von,ich,der
Klinge,oberen,der,nicht,oberen
verdeckt,Klinge,oberen,verlangt,Klinge
wird,verdeckt,Klinge,oder,verdeckt
-,wird,verdeckt,sonst,wird
~,~,~,wie,~
~,~,~,bestellt,~
~,~,~,hätte,~
~,~,~,Bitte,~
~,~,~,streichen,~
~,~,~,Sie,~
~,~,~,mich,~
~,~,~,aus,~
~,~,~,dieser,~
~,~,~,Liste,~
~,~,~,habe,~
~,~,~,selbst,~
~,~,~,nachgeschaut,~
~,~,~,in,~
~,~,~,mein,~
~,~,~,Userkonto,~
~,~,~,kann,~
~,~,~,keine,~
~,~,~,Abo,~
~,~,~,Bestellungen,~
~,~,~,von,~
~,~,~,News,~
~,~,~,Letter,~
~,~,~,feststellen,~
~,~,~,die,~
~,~,~,ich,~
~,~,~,Irrtum,~
~,~,~,getätigt,~
~,~,~,hätte,~
~,~,~,Wäre,~
~,~,~,dankbar,~
~,~,~,wenn,~
~,~,~,Sie,~
~,~,~,dies,~
~,~,~,abstellen,~
~,~,~,Ich,~
~,~,~,poste,~
~,~,~,nämlich,~
~,~,~,laufend,~
~,~,~,hier,~
~,~,~,und,~
~,~,~,kann,~
~,~,~,nicht,~
~,~,~,noch,~
~,~,~,vom,~
~,~,~,Mail,~
~,~,~,aus,~
~,~,~,auch,~
~,~,~,antworten,~
~,~,~,Vielen,~
~,~,~,Dank,~
~,~,~,und,~
~,~,~,einen,~
~,~,~,schönen,~
~,~,~,Tag,~
~,~,~,La,~
~,~,~,Palm,~
ist,Links,-,Lieber,Links
besser,ist,Links,User,ist
als,besser,ist,la,besser
Rechts,als,besser,Palm,als
-,Rechts,als,Wenn,Rechts
Sagen,-,Rechts,Sie,-
auch,Sagen,-,ein,Sagen
der,auch,Sagen,Hosting,auch
Faymann,der,auch,verfassen,der
und,Faymann,der,und,Faymann
unser,und,Faymann,keine,und
HBP,unser,und,Antworten,unser
-,HBP,unser,zugeschickt,HBF
Auch,-,HBP,bekommen,-
ja,Auch,-,wollen,Auch
-,ja,Auch,klicken,ja
man,-,ja,Sie,-
kann,man,-,bitte,man
die,kann,man,unter,kann
Bürokollegen,die,kann,dem,die
vor,Bürokollegen,die,Postingfenster,Bürokollegen
noch,vor,Bürokollegen,Ich,vor
zu,noch,vor,will,noch
Weißglut,zu,noch,alle,zu
treiben,Weißglut,zu,Kommentare,Weißglut
wenn,treiben,Weißglut,zu,treiben
man,wenn,treiben,diesem,wenn
die,man,wenn,Artikel,man
Maus,die,man,per,die
auf,Maus,die,E-Mail,Maus
die,auf,Maus,erhalten,auf
andere,die,auf,sowie,die
Seite,andere,die,Ich,andere
legt,Seite,andere,möchte,Seite
und,legt,Seite,Reaktionen,legt
dann,und,legt,auf,und
noch,dann,und,meinen,dann
die,noch,dann,Kommentar,noch
Tasten,die,noch,per,die
verdreht,Tasten,die,E-Mail,Tasten
Der,verdreht,Tasten,erhalten,verdreht
Servicedesk,Der,verdreht,das,Der
meiner,Servicedesk,Der,Häkchen,Servicedeck
Firma,meiner,Servicedesk,weg,meiner
sitzt,Firma,meiner,dann,Firma
in,sitzt,Firma,erhalten,sitzt
Indien,in,sitzt,Sie,in
verzweifelt,Indien,in,auch,Indien
immer,verzweifelt,Indien,keine,verzweifelt
wenn,immer,verzweifelt,Mails,immer
er,wenn,immer,sie,wenn
meinen,er,wenn,~,er
Desktop,meinen,er,~,meinen
braucht,Desktop,meinen,~,Desktop
und,braucht,Desktop,~,braucht
ausser,und,braucht,~,und
dem,ausser,und,~,außer
Kontextmenü,dem,ausser,~,dem
geht,Kontextmenü,dem,~,Kontextmenü
gar,geht,Kontextmenü,~,geht
nicht,gar,geht,~,gar
bis,nicht,gar,~,nicht
ich,bis,nicht,~,bis
ihnen,ich,bis,~,ich
die,ihnen,ich,~,ihnen
Tasten,die,ihnen,~,die
gnädigerweise,Tasten,die,~,Tasten
umstelle,gnädigerweise,Tasten,~,gnädigerweise
-,umstelle,gnädigerweise,~,umstelle
ganz,wäre,-,@,wäre
toll,ganz,wäre,sie,ganz
Brauchbare,toll,ganz,danke,toll
Kulturinfos,Brauchbare,toll,für,Brauchbare
als,Kulturinfos,Brauchbare,die,Kulturinfo-
Newsletter,als,Kulturinfos,Antwort,als
habe,Newsletter,als,Habe,Newsletter
ich,habe,Newsletter,das,habe
noch,ich,habe,ehrlich,ich
nirgendwo,noch,ich,gesagt,noch
gefunden,nirgendwo,noch,noch,nirgendwo
Der,gefunden,nirgendwo,nie,gefunden
Standard,Der,gefunden,beachtet,Der
ist,Standard,Der,In,Standard
doch,ist,Standard,den,ist
-,doch,ist,letzten,doch
die,-,doch,Tagen,-
meiner,die,-,jedoch,die
Meinung,meiner,die,einige,meiner
nach,Meinung,meiner,ungewollte,Meinung
beste,nach,Meinung,Antworten,nach
Tageszeitung,beste,nach,auch,beste
in,Tageszeitung,beste,per,Tageszeitung
Österreich,in,Tageszeitung,Mail,in
-,Österreich,in,bekommen,Österreich
immer,-,Österreich,Eine,-
schon,immer,-,ungebührliche,immer
Trendsetter,schon,immer,noch,schon
gewesen,Trendsetter,schon,dazu,Trendsetter
-,gewesen,Trendsetter,Dennoch,gewesen
lila,-,gewesen,danke,-
und,lila,-,und,lila
damit,und,lila,ein,und
auch,damit,und,gutes,damit
anders,auch,damit,Wochenende,auch
Wäre,anders,auch,für,anders
doch,Wäre,anders,Sie,Wäre
toll,doch,Wäre,~,doch
als,toll,doch,~,toll
erste,als,toll,~,als
Tageszeitung,erste,als,~,erste
einen,Tageszeitung,erste,~,Tageszeitung
Kultur-Newsletter,einen,Tageszeitung,~,einen
zu,Kultur-Newsletter,einen,~,Kultur-Newsletter
schaffen,zu,Kultur-Newsletter,~,zu
und,schaffen,zu,~,schaffen
damit,und,schaffen,~,und
den,damit,und,~,damit
Anspruch,den,damit,~,den
auf,Anspruch,den,~,Anspruch
Anspruch,auf,Anspruch,~,auf
zu,Anspruch,auf,~,Anspruch
unterstreichen,zu,Anspruch,~,zu
Die,unterstreichen,zu,~,unterstreichen
Unkultur,Die,unterstreichen,~,Die
könnt,Unkultur,Die,~,Unkultur
Ihr,könnt,Unkultur,~,könnt
ja,Ihr,könnt,~,Ihr
getrost,ja,Ihr,~,ja
bei,getrost,ja,~,getrost
der,bei,getrost,~,bei
Kronen-Zeitung,der,bei,~,der
lassen,Kronen-Zeitung,der,~,Kronen-Zeitung
Die,lassen,Kronen-Zeitung,~,lassen
hat,Die,lassen,~,Die
auch,hat,Die,~,hat
das,auch,hat,~,auch
richtige,das,auch,~,das
Format,richtige,das,~,richtige
um,Format,richtige,~,Format
am,um,Format,~,um
Klo,am,um,~,am
gelesen,Klo,am,~,Klo
zu,gelesen,Klo,~,gelesen
werden,zu,gelesen,~,zu
-,werden,zu,~,werden
machen,Fremder,-,Gibt,Fremder
-,machen,Fremder,es,machen
~,~,~,die,~
~,~,~,Möglichkeit,~
~,~,~,seinen,~
~,~,~,Namen,~
~,~,~,zu,~
~,~,~,ändern,~
~,~,~,zu,~
~,~,~,wegen,~
~,~,~,Stalking,~
~,~,~,anderer,~
~,~,~,Blogteilnehmer,~
auch,Also,-,Sie,Also
wenn,auch,Also,können,auch
Weihnachten,wenn,auch,Ihren,wenn
schon,Weihnachten,wenn,Posteingängen,Weihnachten
vorbei,schon,Weihnachten,unter,schon
ist,vorbei,schon,Stammdaten,vorbei
ich,ist,vorbei,ändern,ist
wünsche,ich,ist,Diese,ich
mir,wünsche,ich,Möglichkeit,wünsche
einen,mir,wünsche,wird,mir
WISSENSCHAFTS-Newsletter,einen,mir,es,einen
Würde,WISSENSCHAFTS-Newsletter,einen,künftig,Wissenschafts-Newsletter
mir,Würde,WISSENSCHAFTS-Newsletter,jedoch,Würde
sogar,mir,Würde,nicht,mir
einen,sogar,mir,mehr,sogar
Obulus,einen,sogar,geben,einen
Wert,Obulus,einen,Sie,Obolus
sein,Wert,Obulus,können,Wert
wenn,sein,Wert,uns,sein
der,wenn,sein,über,wenn
nicht,der,wenn,Melden,der
zu,nicht,der,bei,nicht
groß,zu,nicht,Hostings,zu
ist,groß,zu,auch,groß
echt,ist,groß,auf,ist
-,echt,ist,Belästigungen,echt
~,~,~,durch,~
~,~,~,anderen,~
~,~,~,User Innen,~
~,~,~,hinweisen,~
hab,Was,-,Ich,Was
ich,hab,Was,fand,hab
mir,ich,hab,es,ich
immer,mir,ich,sowieso,mir
schwer,immer,mir,arg,immer
getan,schwer,immer,dass,schwer
beim,getan,schwer,man,getan
Steno,beim,getan,hier,beim
oder,Steno,beim,dauernd,Stent
geometrisch,oder,Steno,den,oder
Zeichnen,geometrisch,oder,Posteingängen,geometrisch
auch,Zeichnen,geometrisch,nach,Zeichnen
die,auch,Zeichnen,Belieben,auch
meisten,die,auch,ändern,die
Scheren,meisten,die,kann,meisten
ein,Scheren,meisten,das,Scheren
Drama,ein,Scheren,fördert,ein
Auch,Drama,ein,doch,Drama
mein,Auch,Drama,nur,Auch
damaliger,mein,Auch,die,mein
Lehrherr,damaliger,mein,Tollereien,damaliger
meinte,Lehrherr,damaliger,~,Lehrherr
Was,meinte,Lehrherr,~,meinte
du,Was,meinte,~,Was
schreibst,du,Was,~,du
mit,schreibst,du,~,schreibst
der,mit,schreibst,~,mit
Linken,der,mit,~,der
das,Linken,der,~,Linken
ist,das,Linken,~,das
nur,ist,das,~,ist
Faulheit,nur,ist,~,nur
-,Faulheit,nur,~,Faulheit
halte,rechts,-,Hosting,rechts
ich,halte,rechts,mehr,halte
für,ich,halte,von,ich
einen,für,ich,mir,für
Vorteil,einen,für,~,einen
für,Vorteil,einen,~,Vorteil
Linkshänder,für,Vorteil,~,für
weil,Linkshänder,für,~,Linkshänder
Lenken,weil,Linkshänder,~,weil
und,Lenken,weil,~,Lenken
Schalten,und,Lenken,~,und
gleichzeitig,Schalten,und,~,Schalten
geht,gleichzeitig,Schalten,~,gleichzeitig
und,geht,gleichzeitig,~,geht
die,und,geht,~,und
Führungshand,die,und,~,die
die,Führungshand,die,~,Führungshand
feinmotorische,die,Führungshand,~,die
Bewegung,feinmotorische,die,~,feinmotorische
des,Bewegung,feinmotorische,~,Bewegung
Lenkens,des,Bewegung,~,des
übernimmt,Lenkens,des,~,Lenkens
Das,übernimmt,Lenkens,~,übernimmt
Gaspedal,Das,übernimmt,~,Das
rechts,Gaspedal,Das,~,Gaspedal
war,rechts,Gaspedal,~,rechts
am,war,rechts,~,war
Anfang,am,war,~,am
etwas,Anfang,am,~,Anfang
komisch,etwas,Anfang,~,etwas
für,komisch,etwas,~,komisch
mich,für,komisch,~,für
als,mich,für,~,mich
Linkshänder,als,mich,~,als
und,Linkshänder,als,~,Linkshänder
Linksfüßer,und,Linkshänder,~,und
-,Linksfüßer,und,~,Linksfüßler
gewundert,schon,-,und,schon
dass,gewundert,schon,wie,gewundert
fast,dass,gewundert,Deaktiviert,dass
alle,fast,dass,man,fast
amerikanischen,alle,fast,sich,alle
Präsidenten,amerikanischen,alle,als,amerikanischen
Linkshänder,Präsidenten,amerikanischen,Poster,Präsidenten
waren,Linkshänder,Präsidenten,endgültig,Linkshänder
oder,waren,Linkshänder,nirgends,waren
sind,oder,waren,finde,oder
Die,sind,oder,ich,sind
einzige,Die,sind,einen,Die
Ausnahme,einzige,Die,Hinweis,einzige
die,Ausnahme,einzige,wie,Ausnahme
mir,die,Ausnahme,man,die
einfällt,mir,die,wieder,mir
ist,einfällt,mir,die,einfällt
George,ist,einfällt,community,ist
W,George,ist,verlässt,George
Bush,W,George,sollte,W
Bill,Bush,W,doch,Bush
Clinton,Bill,Bush,machbar,Bill
Bush,Clinton,Bill,sein,Clinton
senior,Bush,Clinton,oder,Bush
Jimmy,senior,Bush,~,Senior
Carter,Jimmy,senior,~,Jim
und,Carter,Jimmy,~,Harter
Obama,und,Carter,~,und
sind,Obama,und,~,Obama
Linkshänder,sind,Obama,~,sind
-,Linkshänder,sind,~,Linkshänder
bin,ich,-,Habes,ich
rechtshaenderin,bin,ich,gefunden,bin
u,rechtshaenderin,bin,-,Rechtshänderin
mache,u,rechtshaenderin,~,u
viel,mache,u,~,mache
links,viel,mache,~,viel
um,links,viel,~,links
nicht,um,links,~,um
gar,nicht,um,~,nicht
so,gar,nicht,~,gar
einseitig,so,gar,~,so
zu,einseitig,so,~,einseitig
sein,zu,einseitig,~,zu
-,sein,zu,~,sein
Linksfüßer,sind,-,eine,sind
Es,Linksfüßer,sind,Zusammenfassung,Linksfüßler
kommt,Es,Linksfüßer,aller,Es
stark,kommt,Es,Kommentare,kommt
auf,stark,kommt,Das,stark
die,auf,stark,wäre,auf
tätigkeit,die,auf,fein,die
an,tätigkeit,die,~,Tätigkeit
Wie,an,tätigkeit,~,an
schaufeln,Wie,an,~,Wie
Sie,schaufeln,Wie,~,schaufeln
z,Sie,schaufeln,~,Sie
B,z,Sie,~,z
Ich,B,z,~,B
kann,Ich,B,~,Ich
beides,kann,Ich,~,kann
die,beides,kann,~,beides
linke,die,beides,~,die
Hand,linke,die,~,linke
oben,Hand,linke,~,Hand
ist,oben,Hand,~,oben
mir,ist,oben,~,ist
Linkshänder,mir,ist,~,mir
Linksfüßer,Linkshänder,mir,~,Linkshänder
Führungsauge,Linksfüßer,Linkshänder,~,Linksfüßler
links,Führungsauge,Linksfüßer,~,Führungsauge
aber,links,Führungsauge,~,links
lieber,aber,links,~,aber
-,lieber,aber,~,lieber
-,cool,-,wo,cool
weiter,-,cool,haben,-
so,weiter,-,sie`s,weiter
-,so,weiter,gefunden,so
allerschlimmsten,am,-,http,am
sind,allerschlimmsten,am,der Standard,allerschlimmsten
saucenschöpfer,sind,allerschlimmsten,atz,sind
mit,saucenschöpfer,sind,id=2929103&_artikelIndex=15,herausschöpfen
schnabel,mit,saucenschöpfer,~,mit
da,schnabel,mit,~,Schnabel
kann,da,schnabel,~,da
ich,kann,da,~,kann
machen,ich,kann,~,ich
was,machen,ich,~,machen
ich,was,machen,~,was
will,ich,was,~,ich
ich,will,ich,~,will
kann,ich,will,~,ich
diese,kann,ich,~,kann
teile,diese,kann,~,diese
einfach,teile,diese,~,teile
nicht,einfach,teile,~,einfach
bedienen,nicht,einfach,~,nicht
die,bedienen,nicht,~,bedienen
sauce,die,bedienen,~,die
rinnt,sauce,die,~,Sauce
überall,rinnt,sauce,~,rinnt
hin,überall,rinnt,~,überall
nur,hin,überall,~,hin
nicht,nur,hin,~,nur
auf,nicht,nur,~,nicht
den,auf,nicht,~,auf
teller,den,auf,~,den
-,teller,den,~,Teller
Computermaus,ontopic,-,In,Octopin
Besteck,Computermaus,ontopic,einer,Computermaus
normal,Besteck,Computermaus,Welt,Besteck
Ballsport,normal,Besteck,in,normal
und,Ballsport,normal,der,Ballsport
Schreiben,und,Ballsport,man,und
links,Schreiben,und,jede,Schreiben
-,links,Schreiben,endliche,links
~,~,~,Zahl,~
~,~,~,von,~
~,~,~,Mailadressen,~
~,~,~,haben,~
~,~,~,kann,~
~,~,~,kann,~
~,~,~,man,~
~,~,~,auch,~
~,~,~,jede,~
~,~,~,endliche,~
~,~,~,Zahl,~
~,~,~,von,~
~,~,~,Usern,~
~,~,~,erstellen,~
bei,Wenn,-,also,Wenn
Ihnen,bei,Wenn,die,bei
der,Ihnen,bei,Posts,Ihnen
linke,der,Ihnen,nicht,der
Fuß,linke,der,mehr,linke
vorne,Fuß,linke,veröffentlich,Fuß
ist,vorne,Fuß,werden,vorne
dann,ist,vorne,-,ist
stehen,dann,ist,Generell,dann
Sie,stehen,dann,nicht,stehen
doch,Sie,stehen,keine,Sie
regular,doch,Sie,bestimmten,doch
-,regular,doch,Wie,regulär
~,~,~,erfährt,~
~,~,~,man,~
~,~,~,außer,~
~,~,~,durch,~
~,~,~,Trial,~
~,~,~,and,~
~,~,~,Error,~
~,~,~,dass,~
~,~,~,man,~
~,~,~,auf,~
~,~,~,so,~
~,~,~,einer,~
~,~,~,Blacklist,~
~,~,~,ist,~
kommt,Es,-,gibt,Es
auf,kommt,Es,es,kommt
die,auf,kommt,eine,auf
Schere,die,auf,Möglichkeit,die
an,Schere,die,offiziell,Schere
Wenn,an,Schere,als,an
die,Wenn,an,eine,Wenn
Klingen,die,Wenn,firma,die
eng,Klingen,die,zu,Klingen
verbunden,eng,Klingen,posten,eng
sind,verbunden,eng,daher,verbunden
->,sind,verbunden,name,sind
kein,->,sind,der,->
Problem,kein,->,firma,kein
Problematisch,Problem,kein,irgendwie,Problem
ist,Problematisch,Problem,optisch,Problematisch
die,ist,Problematisch,abgehoben,ist
Nagelschere,die,ist,mit,die
Die,Nagelschere,die,logo,Nagelschere
reisst,Die,Nagelschere,er,Die
mehr,reisst,Die,ich,reißt
als,mehr,reisst,erwarte,mehr
sie,als,mehr,mir,als
schneidet,sie,als,ein,sie
da,schneidet,sie,wenig,schneidet
man,da,schneidet,Kunden Zulauf,da
sich,man,da,und,man
mit,sich,man,im,sich
der,mit,sich,Gegenzug,mit
linken,der,mit,befalle,der
Hand,linken,der,ich,linken
die,Hand,linken,das,Hand
Klingen,die,Hand,forum,die
auseinanderdrückt,Klingen,die,mit,Klingen
-,auseinanderdrückt,Klingen,meinem,auseinanderrückt
~,~,~,Sachwissen,~
moechte,Ich,-,Derzeit,Ich
meine,moechte,Ich,leider,möchte
Registrierung,meine,moechte,nicht,meine
loeschen,Registrierung,meine,Wir,Registrierung
Anscheinend,loeschen,Registrierung,hatten,löschen
gibt,Anscheinend,loeschen,einmal,Anscheinend
es,gibt,Anscheinend,ein,gibt
dazu,es,gibt,solches,es
keine,dazu,es,Produkt,dazu
Anleitung,keine,dazu,Poweruser,keine
Wie,Anleitung,keine,http,Anleitung
mache,Wie,Anleitung,der Standard,Wie
ich,mache,Wie,atz,mache
das,ich,mache,id=2929103&_artikelIndex=11,ich
also,das,ich,dieses,das
-,also,das,wird,also
~,~,~,aber,~
~,~,~,erst,~
~,~,~,überarbeitet,~
~,~,~,Aber,~
~,~,~,Sie,~
~,~,~,können,~
~,~,~,sich,~
~,~,~,gerne,~
~,~,~,an,~
~,~,~,sales@derstandard,~
~,~,~,at,~
~,~,~,wenden,~
~,~,~,wir,~
~,~,~,finden,~
~,~,~,sicher,~
~,~,~,eine,~
~,~,~,Lösung,~
Weihnachtswunsch,Diesem,-,naja,Diesem
nach,Weihnachtswunsch,Diesem,~,Weihnachtswunsch
einem,nach,Weihnachtswunsch,~,nach
Wissenschafts-Newsletter,einem,nach,~,einem
schließe,Wissenschafts-Newsletter,einem,~,Wissenschafts-Newsletter
ich,schließe,Wissenschafts-Newsletter,~,schließe
mich,ich,schließe,~,ich
gern,mich,ich,~,mich
an,gern,mich,~,gern
Vorschlag,an,gern,~,an
wöchentlich,Vorschlag,an,~,Vorschlag
Danke,wöchentlich,Vorschlag,~,wöchentlich
im,Danke,wöchentlich,~,Danke
Voraus,im,Danke,~,im
-,Voraus,im,~,Voraus
über,Ja,-,trotz,Ja
einen,über,Ja,button,über
wöchentlichen,einen,über,'angemeldet,einen
kultir,wöchentlichen,einen,bleiben',wöchentlichen
newsletter,kultir,wöchentlichen,werden,Kultur
würde,newsletter,kultir,ständig,Newsletter
ich,würde,newsletter,neue,würde
mich,ich,würde,Anmeldungen,ich
auch,mich,ich,verlangt,mich
freuen,auch,mich,es,auch
-,freuen,auch,gibt,freuen
~,~,~,umständliche,~
~,~,~,Umleitungen,~
~,~,~,zur,~
~,~,~,Startseite,~
~,~,~,was,~
~,~,~,ist,~
~,~,~,los,~
würde,ich,-,Es,ich
gern,würde,ich,könnte,würde
mein,gern,würde,sein,gern
newsletter-abo,mein,gern,dass,mein
abmelden,newsletter-abo,mein,das,Newsletter-abo
kann,abmelden,newsletter-abo,Problem,abmelden
mir,kann,abmelden,etwas,kann
jemand,mir,kann,mit,mir
sagen,jemand,mir,Ihren,jemand
wie,sagen,jemand,Cookie-Einstellungen,sagen
das,wie,sagen,zu,wie
geht,das,wie,tun,das
-,geht,das,hat,geht
~,~,~,-,~
~,~,~,mehr,~
~,~,~,Info,~
~,~,~,gibt,~
~,~,~,es,~
~,~,~,hier,~
~,~,~,http,~
~,~,~,der Standard,~
~,~,~,atz,~
im,Ist,-,ich,Ist
Neuen,im,Ist,möchte,im
Jahr,Neuen,im,mein,Neuen
der,Jahr,Neuen,Profil,Jahr
wöchentliche,der,Jahr,gerne,der
Newsletter,wöchentliche,der,löschen,wöchentliche
eingestellt,Newsletter,wöchentliche,könnt,Newsletter
worden,eingestellt,Newsletter,ihr,eingestellt
Ich,worden,eingestellt,mir,worden
jedenfalls,Ich,worden,bitte,Ich
hab,jedenfalls,Ich,verraten,jedenfalls
noch,hab,jedenfalls,wie,hab
keinen,noch,hab,das,noch
erhalten,keinen,noch,geht,keinen
-,erhalten,keinen,Ich,erhalten
~,~,~,finde,~
~,~,~,einfach,~
~,~,~,nichts,~
~,~,~,wo,~
~,~,~,ich,~
~,~,~,mich,~
~,~,~,löschen,~
~,~,~,kann,~
~,~,~,vielleicht,~
~,~,~,bin,~
~,~,~,ich,~
~,~,~,auch,~
~,~,~,zu,~
~,~,~,blöd,~
~,~,~,dafür,~
~,~,~,oder,~
~,~,~,sehe,~
~,~,~,den,~
~,~,~,Wald,~
~,~,~,vor,~
~,~,~,lauter,~
~,~,~,bäumen,~
~,~,~,nicht,~
~,~,~,DANKE,~
http,einfach,-,Wenn,einfach
//derstandard,http,einfach,ich,http
at/,//derstandard,http,in,Rassestandard
id=1122713,at/,//derstandard,meinen,AT
aufrufen,id=1122713,at/,Einstellungen,id=1122713
sich,aufrufen,id=1122713,oder,aufrufen
anmelden,sich,aufrufen,hier,sich
und,anmelden,sich,meine,anmelden
auswählen,und,anmelden,Newsletter,und
welche,auswählen,und,Abos,auswählen
Newsletter,welche,auswählen,verändert,welche
man,Newsletter,welche,und,Newsletter
erhalten,man,Newsletter,dann,man
bzw,erhalten,man,Speicher,erhalten
nicht,bzw,erhalten,wird,bzw.
mehr,nicht,bzw,das,nicht
erhalten,mehr,nicht,Fenster,mehr
möchte,erhalten,mehr,dunkel,erhalten
-,möchte,erhalten,und,möchte
~,~,~,zeigt,~
~,~,~,nichts,~
~,~,~,an,~
~,~,~,und,~
~,~,~,ändert,~
~,~,~,die,~
~,~,~,Abos,~
~,~,~,nicht,~
~,~,~,-,~
